source,target,anchor,rel,representation,internal,target_status,target_error,target_missing_content_candidate,checked
https://www.theglownique.com/,https://www.theglownique.com/,Skip to content,[],raw,True,200,,False,True
https://www.theglownique.com/,https://www.theglownique.com/,THE GLOWNIQUE,[],raw,True,200,,False,True
https://www.theglownique.com/,https://www.theglownique.com/,Shop,[],raw,True,200,,False,True
https://www.theglownique.com/,https://www.theglownique.com/,Custom Neon,[],raw,True,200,,False,True
https://www.theglownique.com/,https://www.theglownique.com/custom-signage,Products,[],raw,True,200,,False,True
https://www.theglownique.com/,https://www.theglownique.com/blog,Journal,[],raw,True,200,,False,True
https://www.theglownique.com/,https://www.theglownique.com/,FAQs,[],raw,True,200,,False,True
https://www.theglownique.com/,https://www.theglownique.com/contact,Contact,[],raw,True,,,False,False
https://www.theglownique.com/,https://www.etsy.com/listing/1878290703/custom-neon-sign-led-light-for-wedding,Order on Etsy,"[""noopener""]",raw,False,,,False,False
https://www.theglownique.com/,https://www.theglownique.com/,Shop,[],raw,True,200,,False,True
https://www.theglownique.com/,https://www.theglownique.com/,Custom Neon,[],raw,True,200,,False,True
https://www.theglownique.com/,https://www.theglownique.com/custom-signage,Products,[],raw,True,200,,False,True
https://www.theglownique.com/,https://www.theglownique.com/blog,Journal,[],raw,True,200,,False,True
https://www.theglownique.com/,https://www.theglownique.com/,FAQs,[],raw,True,200,,False,True
https://www.theglownique.com/,https://www.theglownique.com/contact,Contact,[],raw,True,,,False,False
https://www.theglownique.com/,https://www.etsy.com/listing/1878290703/custom-neon-sign-led-light-for-wedding,Order on Etsy,"[""noopener""]",raw,False,,,False,False
https://www.theglownique.com/,https://www.theglownique.com/,Design Your Sign,[],raw,True,200,,False,True
https://www.theglownique.com/,https://www.theglownique.com/,Explore Sign Crafts,[],raw,True,200,,False,True
https://www.theglownique.com/,https://www.theglownique.com/products/custom-neon-signs,For Home Neon Sign Shop now,[],raw,True,,,False,False
https://www.theglownique.com/,https://www.theglownique.com/products/3d-metal-neon-signs,For Business 3D Metal Neon Sign Shop now,[],raw,True,,,False,False
https://www.theglownique.com/,https://www.theglownique.com/products/uv-print-acrylic-signs,Custom Art & Branding 3D Acrylic Neon Sign Shop now,[],raw,True,,,False,False
https://www.theglownique.com/,https://www.theglownique.com/products/ultra-thin-lightbox,Create Your Own Ultra Thin Lightbox Start designing,[],raw,True,,,False,False
https://www.theglownique.com/,https://www.theglownique.com/products/custom-neon-signs,Explore LED Neon Sign in detail →,[],raw,True,,,False,False
https://www.theglownique.com/,https://www.theglownique.com/products/custom-neon-signs,Explore Custom Neon,[],raw,True,,,False,False
https://www.theglownique.com/,https://www.theglownique.com/products/3d-metal-neon-signs,Explore 3D Channel Letters,[],raw,True,,,False,False
https://www.theglownique.com/,https://www.theglownique.com/products/ultra-thin-lightbox,Explore Slim Lightboxes,[],raw,True,,,False,False
https://www.theglownique.com/,https://www.theglownique.com/products/uv-print-acrylic-signs,Explore UV Acrylic Signs,[],raw,True,,,False,False
https://www.theglownique.com/,https://www.theglownique.com/guides/custom-business-sign-cost,Custom Business Sign Cost Breakdown,[],raw,True,200,,False,True
https://www.theglownique.com/,https://www.theglownique.com/guides/front-lit-vs-halo-lit-vs-dual-lit,Front-Lit vs Halo-Lit vs Dual-Lit Explained,[],raw,True,200,,False,True
https://www.theglownique.com/,https://www.theglownique.com/guides/backlit-sign-wall-surfaces-and-standoffs,Wall Surfaces & Standoff Mounting Guide,[],raw,True,200,,False,True
https://www.theglownique.com/,https://www.theglownique.com/business-signs,Explore all commercial sign collections,[],raw,True,200,,False,True
https://www.theglownique.com/,https://www.etsy.com/listing/1878290703/custom-neon-sign-led-light-for-wedding,Read them all on Etsy,"[""noopener""]",raw,False,,,False,False
https://www.theglownique.com/,https://www.theglownique.com/,THE GLOWNIQUE,[],raw,True,200,,False,True
https://www.theglownique.com/,https://wa.me/12897963492?text=Hi%20The%20Glownique!%20I'd%20like%20a%20free%20quote%20and%20mockup%20for%20a%20custom%20sign.%20Here's%20my%20idea%3A%20,WhatsApp: +1 (289) 796-3492,"[""noopener"", ""noreferrer""]",raw,False,,,False,False
https://www.theglownique.com/,https://www.instagram.com/theglownique/,,"[""noopener""]",raw,False,,,False,False
https://www.theglownique.com/,https://www.facebook.com/people/TheGlownique/61578567176081/,,"[""noopener""]",raw,False,,,False,False
https://www.theglownique.com/,https://www.etsy.com/listing/1878290703/custom-neon-sign-led-light-for-wedding,,"[""noopener""]",raw,False,,,False,False
https://www.theglownique.com/,https://www.theglownique.com/products/custom-neon-signs,Custom neon signs,[],raw,True,,,False,False
https://www.theglownique.com/,https://www.theglownique.com/products/3d-metal-neon-signs,3D metal signs,[],raw,True,,,False,False
https://www.theglownique.com/,https://www.theglownique.com/products/ultra-thin-lightbox,Ultra thin lightbox,[],raw,True,,,False,False
https://www.theglownique.com/,https://www.theglownique.com/products/uv-print-acrylic-signs,UV-print acrylic,[],raw,True,,,False,False
https://www.theglownique.com/,https://www.theglownique.com/,Create your own,[],raw,True,200,,False,True
https://www.theglownique.com/,https://www.theglownique.com/,How it works,[],raw,True,200,,False,True
https://www.theglownique.com/,https://www.theglownique.com/,Design ideas,[],raw,True,200,,False,True
https://www.theglownique.com/,https://www.theglownique.com/,FAQ,[],raw,True,200,,False,True
https://www.theglownique.com/,https://www.theglownique.com/,About us,[],raw,True,200,,False,True
https://www.theglownique.com/,https://www.theglownique.com/,Case studies,[],raw,True,200,,False,True
https://www.theglownique.com/,https://www.theglownique.com/blog,Journal,[],raw,True,200,,False,True
https://www.theglownique.com/,https://www.theglownique.com/contact,Contact,[],raw,True,,,False,False
https://www.theglownique.com/,https://www.theglownique.com/shipping,Shipping & delivery,[],raw,True,,,False,False
https://www.theglownique.com/,https://www.theglownique.com/returns,Returns & warranty,[],raw,True,,,False,False
https://www.theglownique.com/,https://www.theglownique.com/accessibility,Accessibility,[],raw,True,,,False,False
https://www.theglownique.com/,https://www.theglownique.com/privacy,Privacy,[],raw,True,,,False,False
https://www.theglownique.com/,https://www.theglownique.com/privacy,Privacy,[],raw,True,,,False,False
https://www.theglownique.com/,https://www.theglownique.com/terms,Terms,[],raw,True,,,False,False
https://www.theglownique.com/,https://www.theglownique.com/accessibility,Accessibility,[],raw,True,,,False,False
https://www.theglownique.com/,https://www.theglownique.com/privacy,privacy policy,"[""noopener""]",raw,True,,,False,False
https://www.theglownique.com/business-signs,https://www.theglownique.com/business-signs,Skip to content,[],raw,True,200,,False,True
https://www.theglownique.com/business-signs,https://www.theglownique.com/,THE GLOWNIQUE,[],raw,True,200,,False,True
https://www.theglownique.com/business-signs,https://www.theglownique.com/,Home,[],raw,True,200,,False,True
https://www.theglownique.com/business-signs,https://www.theglownique.com/products/custom-neon-signs,Neon Sign,[],raw,True,,,False,False
https://www.theglownique.com/business-signs,https://www.theglownique.com/products/3d-metal-neon-signs,3D Metal Neon Sign,[],raw,True,,,False,False
https://www.theglownique.com/business-signs,https://www.theglownique.com/products/ultra-thin-lightbox,Ultra Thin Lightbox,[],raw,True,,,False,False
https://www.theglownique.com/business-signs,https://www.theglownique.com/products/uv-print-acrylic-signs,3D Acrylic Neon Sign,[],raw,True,,,False,False
https://www.theglownique.com/business-signs,https://www.theglownique.com/blog,Journal,[],raw,True,200,,False,True
https://www.theglownique.com/business-signs,https://www.theglownique.com/contact,Contact,[],raw,True,,,False,False
https://www.theglownique.com/business-signs,https://wa.me/12897963492?text=Hi%20The%20Glownique!%20I'd%20like%20a%20free%20quote%20and%20mockup%20for%20a%20business%20sign.%20Here's%20my%20idea%3A%20,Get a free quote,"[""noopener"", ""noreferrer""]",raw,False,,,False,False
https://www.theglownique.com/business-signs,https://wa.me/12897963492?text=Hi%20The%20Glownique!%20I'd%20like%20a%20free%20quote%20and%20mockup%20for%20a%20Your%20Custom%20Name%20Sign.%20Here's%20my%20idea%3A%20,Get a Free Business Sign Mockup,"[""noopener"", ""noreferrer""]",raw,False,,,False,False
https://www.theglownique.com/business-signs,https://www.theglownique.com/guides/custom-business-sign-cost,View Business Sign Cost Guide →,[],raw,True,200,,False,True
https://www.theglownique.com/business-signs,https://www.theglownique.com/business-signs/custom-logo-neon-signs,Custom Logo Neon Signs,[],raw,True,200,,False,True
https://www.theglownique.com/business-signs,https://www.theglownique.com/business-signs/custom-logo-neon-signs,Explore B2B Specs & Uses →,[],raw,True,200,,False,True
https://www.theglownique.com/business-signs,https://wa.me/12897963492?text=Hi%20The%20Glownique!%20I'd%20like%20a%20free%20quote%20and%20mockup%20for%20a%20Custom%20Logo%20Neon%20Signs.%20Here's%20my%20idea%3A%20,Get Quote,"[""noopener"", ""noreferrer""]",raw,False,,,False,False
https://www.theglownique.com/business-signs,https://www.theglownique.com/business-signs/channel-letter-signs,3D Metal Channel Letter Signs,[],raw,True,200,,False,True
https://www.theglownique.com/business-signs,https://www.theglownique.com/business-signs/channel-letter-signs,Explore B2B Specs & Uses →,[],raw,True,200,,False,True
https://www.theglownique.com/business-signs,https://wa.me/12897963492?text=Hi%20The%20Glownique!%20I'd%20like%20a%20free%20quote%20and%20mockup%20for%20a%203D%20Metal%20Channel%20Letter%20Signs.%20Here's%20my%20idea%3A%20,Get Quote,"[""noopener"", ""noreferrer""]",raw,False,,,False,False
https://www.theglownique.com/business-signs,https://www.theglownique.com/business-signs/lightbox-signs,Ultra-Thin Lightbox Signs,[],raw,True,200,,False,True
https://www.theglownique.com/business-signs,https://www.theglownique.com/business-signs/lightbox-signs,Explore B2B Specs & Uses →,[],raw,True,200,,False,True
https://www.theglownique.com/business-signs,https://wa.me/12897963492?text=Hi%20The%20Glownique!%20I'd%20like%20a%20free%20quote%20and%20mockup%20for%20a%20Ultra-Thin%20Lightbox%20Signs.%20Here's%20my%20idea%3A%20,Get Quote,"[""noopener"", ""noreferrer""]",raw,False,,,False,False
https://www.theglownique.com/business-signs,https://www.theglownique.com/business-signs/acrylic-logo-signs,3D UV-Print Acrylic Logo Signs,[],raw,True,200,,False,True
https://www.theglownique.com/business-signs,https://www.theglownique.com/business-signs/acrylic-logo-signs,Explore B2B Specs & Uses →,[],raw,True,200,,False,True
https://www.theglownique.com/business-signs,https://wa.me/12897963492?text=Hi%20The%20Glownique!%20I'd%20like%20a%20free%20quote%20and%20mockup%20for%20a%203D%20UV-Print%20Acrylic%20Logo%20Signs.%20Here's%20my%20idea%3A%20,Get Quote,"[""noopener"", ""noreferrer""]",raw,False,,,False,False
https://www.theglownique.com/business-signs,https://www.theglownique.com/business-signs/backlit-signs,Custom 3D Metal Backlit Signs,[],raw,True,200,,False,True
https://www.theglownique.com/business-signs,https://www.theglownique.com/business-signs/backlit-signs,Explore B2B Specs & Uses →,[],raw,True,200,,False,True
https://www.theglownique.com/business-signs,https://wa.me/12897963492?text=Hi%20The%20Glownique!%20I'd%20like%20a%20free%20quote%20and%20mockup%20for%20a%20Custom%203D%20Metal%20Backlit%20Signs.%20Here's%20my%20idea%3A%20,Get Quote,"[""noopener"", ""noreferrer""]",raw,False,,,False,False
https://www.theglownique.com/business-signs,https://www.theglownique.com/business-signs/backlit-lobby-signs,Backlit Lobby Signs & Reception Logos,[],raw,True,200,,False,True
https://www.theglownique.com/business-signs,https://www.theglownique.com/business-signs/backlit-lobby-signs,Explore B2B Specs & Uses →,[],raw,True,200,,False,True
https://www.theglownique.com/business-signs,https://wa.me/12897963492?text=Hi%20The%20Glownique!%20I'd%20like%20a%20free%20quote%20and%20mockup%20for%20a%20Backlit%20Lobby%20Signs%20%26%20Reception%20Logos.%20Here's%20my%20idea%3A%20,Get Quote,"[""noopener"", ""noreferrer""]",raw,False,,,False,False
https://www.theglownique.com/business-signs,https://www.theglownique.com/business-signs/gym-fitness-signs,"Gym & Fitness Signs → Motivational wall signs, studio logos and class-room branding built to survive chalk dust, dropped plates and the vibration of a busy training floor.",[],raw,True,200,,False,True
https://www.theglownique.com/business-signs,https://www.theglownique.com/business-signs/bar-signs,"Bar Signs → Back-bar logos, cocktail-list lighting and venue branding specified for the one environment that is warm, damp, greasy and deliberately dark.",[],raw,True,200,,False,True
https://www.theglownique.com/business-signs,https://www.theglownique.com/business-signs/open-signs,Open Signs → The one sign whose entire job is answering a question from across the street — and the reason a stock open sign in a bright window so often fails to.,[],raw,True,200,,False,True
https://www.theglownique.com/business-signs,https://www.theglownique.com/business-signs/restaurant-signs,"Restaurant Signs → Storefront identity, interior branding and menu display for venues where the same wall has to look right in daylight service and at candlelit covers.",[],raw,True,200,,False,True
https://www.theglownique.com/business-signs,https://www.theglownique.com/business-signs/office-signs,"Office Signs → Reception walls, lobby logos and meeting-room identity, in the finishes that read as considered rather than loud.",[],raw,True,200,,False,True
https://www.theglownique.com/business-signs,https://www.theglownique.com/business-signs/salon-spa-signs,"Salon & Spa Signs → Reception marks, mirror walls and treatment-room branding for spaces where the sign ends up in every client's photo whether you planned for it or not.",[],raw,True,200,,False,True
https://www.theglownique.com/business-signs,https://www.theglownique.com/business-signs/retail-storefronts,"Retail Storefront Signs → Façade lettering and window signage specified for the two problems every retail unit shares: reading in daylight, and looking deliberate after dark.",[],raw,True,200,,False,True
https://www.theglownique.com/business-signs,https://www.theglownique.com/business-signs/trade-show-signs,"Trade Show Signs → Booth branding specified around the constraint that defines exhibition signage: it has to go up in an hour, come down in twenty minutes, and survive the trip to the next show.",[],raw,True,200,,False,True
https://www.theglownique.com/business-signs,https://www.theglownique.com/guides/custom-business-sign-cost,"Custom Business Sign Cost Guide Detailed pricing drivers, sizing formulas, materials, and installation considerations for commercial signage budgets. Read Guide →",[],raw,True,200,,False,True
https://www.theglownique.com/business-signs,https://www.theglownique.com/guides/front-lit-vs-halo-lit-vs-dual-lit,"Front-Lit vs Halo-Lit vs Dual-Lit Channel Letters Compare visibility, wall reflection physics, and daytime vs nighttime legibility for exterior storefront channel letters. Read Guide →",[],raw,True,200,,False,True
https://www.theglownique.com/business-signs,https://www.theglownique.com/guides/backlit-sign-wall-surfaces-and-standoffs,"Backlit Sign Wall Surfaces & Standoff Guide How wall finishes (plaster, wood slats, brick, tile) and standoff distance change halo illumination on backlit signs. Read Guide →",[],raw,True,200,,False,True
https://www.theglownique.com/business-signs,https://wa.me/12897963492?text=Hi%20The%20Glownique!%20I'd%20like%20a%20free%20quote%20and%20mockup%20for%20a%20Your%20Custom%20Name%20Sign.%20Here's%20my%20idea%3A%20,Start your design,"[""noopener"", ""noreferrer""]",raw,False,,,False,False
https://www.theglownique.com/business-signs,https://www.theglownique.com/,THE GLOWNIQUE,[],raw,True,200,,False,True
https://www.theglownique.com/business-signs,https://wa.me/12897963492?text=Hi%20The%20Glownique!%20I'd%20like%20a%20free%20quote%20and%20mockup%20for%20a%20custom%20sign.%20Here's%20my%20idea%3A%20,WhatsApp: +1 (289) 796-3492,"[""noopener"", ""noreferrer""]",raw,False,,,False,False
https://www.theglownique.com/business-signs,https://www.instagram.com/theglownique/,,"[""noopener""]",raw,False,,,False,False
https://www.theglownique.com/business-signs,https://www.facebook.com/people/TheGlownique/61578567176081/,,"[""noopener""]",raw,False,,,False,False
https://www.theglownique.com/business-signs,https://www.etsy.com/listing/1878290703/custom-neon-sign-led-light-for-wedding,,"[""noopener""]",raw,False,,,False,False
https://www.theglownique.com/business-signs,https://www.theglownique.com/products/custom-neon-signs,Custom neon signs,[],raw,True,,,False,False
https://www.theglownique.com/business-signs,https://www.theglownique.com/products/3d-metal-neon-signs,3D metal signs,[],raw,True,,,False,False
https://www.theglownique.com/business-signs,https://www.theglownique.com/products/ultra-thin-lightbox,Ultra thin lightbox,[],raw,True,,,False,False
https://www.theglownique.com/business-signs,https://www.theglownique.com/products/uv-print-acrylic-signs,UV-print acrylic,[],raw,True,,,False,False
https://www.theglownique.com/business-signs,https://www.theglownique.com/,Create your own,[],raw,True,200,,False,True
https://www.theglownique.com/business-signs,https://www.theglownique.com/,How it works,[],raw,True,200,,False,True
https://www.theglownique.com/business-signs,https://www.theglownique.com/,Design ideas,[],raw,True,200,,False,True
https://www.theglownique.com/business-signs,https://www.theglownique.com/,FAQ,[],raw,True,200,,False,True
https://www.theglownique.com/business-signs,https://www.theglownique.com/,About us,[],raw,True,200,,False,True
https://www.theglownique.com/business-signs,https://www.theglownique.com/,Case studies,[],raw,True,200,,False,True
https://www.theglownique.com/business-signs,https://www.theglownique.com/blog,Journal,[],raw,True,200,,False,True
https://www.theglownique.com/business-signs,https://www.theglownique.com/contact,Contact,[],raw,True,,,False,False
https://www.theglownique.com/business-signs,https://www.theglownique.com/shipping,Shipping & delivery,[],raw,True,,,False,False
https://www.theglownique.com/business-signs,https://www.theglownique.com/returns,Returns & warranty,[],raw,True,,,False,False
https://www.theglownique.com/business-signs,https://www.theglownique.com/accessibility,Accessibility,[],raw,True,,,False,False
https://www.theglownique.com/business-signs,https://www.theglownique.com/privacy,Privacy,[],raw,True,,,False,False
https://www.theglownique.com/business-signs,https://www.theglownique.com/privacy,Privacy,[],raw,True,,,False,False
https://www.theglownique.com/business-signs,https://www.theglownique.com/terms,Terms,[],raw,True,,,False,False
https://www.theglownique.com/business-signs,https://www.theglownique.com/accessibility,Accessibility,[],raw,True,,,False,False
https://www.theglownique.com/business-signs/custom-logo-neon-signs,https://www.theglownique.com/business-signs/custom-logo-neon-signs,Skip to content,[],raw,True,200,,False,True
https://www.theglownique.com/business-signs/custom-logo-neon-signs,https://www.theglownique.com/,THE GLOWNIQUE,[],raw,True,200,,False,True
https://www.theglownique.com/business-signs/custom-logo-neon-signs,https://www.theglownique.com/,Home,[],raw,True,200,,False,True
https://www.theglownique.com/business-signs/custom-logo-neon-signs,https://www.theglownique.com/products/custom-neon-signs,Neon Sign,[],raw,True,,,False,False
https://www.theglownique.com/business-signs/custom-logo-neon-signs,https://www.theglownique.com/products/3d-metal-neon-signs,3D Metal Neon Sign,[],raw,True,,,False,False
https://www.theglownique.com/business-signs/custom-logo-neon-signs,https://www.theglownique.com/products/ultra-thin-lightbox,Ultra Thin Lightbox,[],raw,True,,,False,False
https://www.theglownique.com/business-signs/custom-logo-neon-signs,https://www.theglownique.com/products/uv-print-acrylic-signs,3D Acrylic Neon Sign,[],raw,True,,,False,False
https://www.theglownique.com/business-signs/custom-logo-neon-signs,https://www.theglownique.com/blog,Journal,[],raw,True,200,,False,True
https://www.theglownique.com/business-signs/custom-logo-neon-signs,https://www.theglownique.com/contact,Contact,[],raw,True,,,False,False
https://www.theglownique.com/business-signs/custom-logo-neon-signs,https://wa.me/12897963492?text=Hi%20The%20Glownique!%20I'd%20like%20a%20free%20quote%20and%20mockup%20for%20a%20custom%20logo%20neon%20sign.%20Here's%20my%20idea%3A%20,Get a free quote,"[""noopener"", ""noreferrer""]",raw,False,,,False,False
https://www.theglownique.com/business-signs/custom-logo-neon-signs,https://www.theglownique.com/,Home,[],raw,True,200,,False,True
https://www.theglownique.com/business-signs/custom-logo-neon-signs,https://www.theglownique.com/business-signs,Business Signs,[],raw,True,200,,False,True
https://www.theglownique.com/business-signs/custom-logo-neon-signs,https://wa.me/12897963492?text=Hi%20The%20Glownique!%20I'd%20like%20a%20free%20quote%20and%20mockup%20for%20a%20custom%20logo%20neon%20sign.%20Here's%20my%20idea%3A%20,Get a Free Logo Mockup & Quote,"[""noopener"", ""noreferrer""]",raw,False,,,False,False
https://www.theglownique.com/business-signs/custom-logo-neon-signs,https://www.theglownique.com/products/custom-neon-signs,View General Product Specs →,[],raw,True,,,False,False
https://www.theglownique.com/business-signs/custom-logo-neon-signs,https://www.theglownique.com/guides/custom-business-sign-cost,Compare custom logo sign cost factors in our business guide →,[],raw,True,200,,False,True
https://www.theglownique.com/business-signs/custom-logo-neon-signs,https://wa.me/12897963492?text=Hi%20The%20Glownique!%20I'd%20like%20a%20free%20quote%20and%20mockup%20for%20a%20Your%20Custom%20Name%20Sign.%20Here's%20my%20idea%3A%20,Start your design,"[""noopener"", ""noreferrer""]",raw,False,,,False,False
https://www.theglownique.com/business-signs/custom-logo-neon-signs,https://www.theglownique.com/,THE GLOWNIQUE,[],raw,True,200,,False,True
https://www.theglownique.com/business-signs/custom-logo-neon-signs,https://wa.me/12897963492?text=Hi%20The%20Glownique!%20I'd%20like%20a%20free%20quote%20and%20mockup%20for%20a%20custom%20sign.%20Here's%20my%20idea%3A%20,WhatsApp: +1 (289) 796-3492,"[""noopener"", ""noreferrer""]",raw,False,,,False,False
https://www.theglownique.com/business-signs/custom-logo-neon-signs,https://www.instagram.com/theglownique/,,"[""noopener""]",raw,False,,,False,False
https://www.theglownique.com/business-signs/custom-logo-neon-signs,https://www.facebook.com/people/TheGlownique/61578567176081/,,"[""noopener""]",raw,False,,,False,False
https://www.theglownique.com/business-signs/custom-logo-neon-signs,https://www.etsy.com/listing/1878290703/custom-neon-sign-led-light-for-wedding,,"[""noopener""]",raw,False,,,False,False
https://www.theglownique.com/business-signs/custom-logo-neon-signs,https://www.theglownique.com/products/custom-neon-signs,Custom neon signs,[],raw,True,,,False,False
https://www.theglownique.com/business-signs/custom-logo-neon-signs,https://www.theglownique.com/products/3d-metal-neon-signs,3D metal signs,[],raw,True,,,False,False
https://www.theglownique.com/business-signs/custom-logo-neon-signs,https://www.theglownique.com/products/ultra-thin-lightbox,Ultra thin lightbox,[],raw,True,,,False,False
https://www.theglownique.com/business-signs/custom-logo-neon-signs,https://www.theglownique.com/products/uv-print-acrylic-signs,UV-print acrylic,[],raw,True,,,False,False
https://www.theglownique.com/business-signs/custom-logo-neon-signs,https://www.theglownique.com/,Create your own,[],raw,True,200,,False,True
https://www.theglownique.com/business-signs/custom-logo-neon-signs,https://www.theglownique.com/,How it works,[],raw,True,200,,False,True
https://www.theglownique.com/business-signs/custom-logo-neon-signs,https://www.theglownique.com/,Design ideas,[],raw,True,200,,False,True
https://www.theglownique.com/business-signs/custom-logo-neon-signs,https://www.theglownique.com/,FAQ,[],raw,True,200,,False,True
https://www.theglownique.com/business-signs/custom-logo-neon-signs,https://www.theglownique.com/,About us,[],raw,True,200,,False,True
https://www.theglownique.com/business-signs/custom-logo-neon-signs,https://www.theglownique.com/,Case studies,[],raw,True,200,,False,True
https://www.theglownique.com/business-signs/custom-logo-neon-signs,https://www.theglownique.com/blog,Journal,[],raw,True,200,,False,True
https://www.theglownique.com/business-signs/custom-logo-neon-signs,https://www.theglownique.com/contact,Contact,[],raw,True,,,False,False
https://www.theglownique.com/business-signs/custom-logo-neon-signs,https://www.theglownique.com/shipping,Shipping & delivery,[],raw,True,,,False,False
https://www.theglownique.com/business-signs/custom-logo-neon-signs,https://www.theglownique.com/returns,Returns & warranty,[],raw,True,,,False,False
https://www.theglownique.com/business-signs/custom-logo-neon-signs,https://www.theglownique.com/accessibility,Accessibility,[],raw,True,,,False,False
https://www.theglownique.com/business-signs/custom-logo-neon-signs,https://www.theglownique.com/privacy,Privacy,[],raw,True,,,False,False
https://www.theglownique.com/business-signs/custom-logo-neon-signs,https://www.theglownique.com/privacy,Privacy,[],raw,True,,,False,False
https://www.theglownique.com/business-signs/custom-logo-neon-signs,https://www.theglownique.com/terms,Terms,[],raw,True,,,False,False
https://www.theglownique.com/business-signs/custom-logo-neon-signs,https://www.theglownique.com/accessibility,Accessibility,[],raw,True,,,False,False
https://www.theglownique.com/business-signs/channel-letter-signs,https://www.theglownique.com/business-signs/channel-letter-signs,Skip to content,[],raw,True,200,,False,True
https://www.theglownique.com/business-signs/channel-letter-signs,https://www.theglownique.com/,THE GLOWNIQUE,[],raw,True,200,,False,True
https://www.theglownique.com/business-signs/channel-letter-signs,https://www.theglownique.com/,Home,[],raw,True,200,,False,True
https://www.theglownique.com/business-signs/channel-letter-signs,https://www.theglownique.com/products/custom-neon-signs,Neon Sign,[],raw,True,,,False,False
https://www.theglownique.com/business-signs/channel-letter-signs,https://www.theglownique.com/products/3d-metal-neon-signs,3D Metal Neon Sign,[],raw,True,,,False,False
https://www.theglownique.com/business-signs/channel-letter-signs,https://www.theglownique.com/products/ultra-thin-lightbox,Ultra Thin Lightbox,[],raw,True,,,False,False
https://www.theglownique.com/business-signs/channel-letter-signs,https://www.theglownique.com/products/uv-print-acrylic-signs,3D Acrylic Neon Sign,[],raw,True,,,False,False
https://www.theglownique.com/business-signs/channel-letter-signs,https://www.theglownique.com/blog,Journal,[],raw,True,200,,False,True
https://www.theglownique.com/business-signs/channel-letter-signs,https://www.theglownique.com/contact,Contact,[],raw,True,,,False,False
https://www.theglownique.com/business-signs/channel-letter-signs,https://wa.me/12897963492?text=Hi%20The%20Glownique!%20I'd%20like%20a%20free%20quote%20and%20mockup%20for%20a%203D%20channel%20letter%20sign.%20Here's%20my%20idea%3A%20,Get a free quote,"[""noopener"", ""noreferrer""]",raw,False,,,False,False
https://www.theglownique.com/business-signs/channel-letter-signs,https://www.theglownique.com/,Home,[],raw,True,200,,False,True
https://www.theglownique.com/business-signs/channel-letter-signs,https://www.theglownique.com/business-signs,Business Signs,[],raw,True,200,,False,True
https://www.theglownique.com/business-signs/channel-letter-signs,https://wa.me/12897963492?text=Hi%20The%20Glownique!%20I'd%20like%20a%20free%20quote%20and%20mockup%20for%20a%203D%20metal%20channel%20letter%20sign.%20Here's%20my%20idea%3A%20,Get a Channel Letter Quote,"[""noopener"", ""noreferrer""]",raw,False,,,False,False
https://www.theglownique.com/business-signs/channel-letter-signs,https://www.theglownique.com/guides/front-lit-vs-halo-lit-vs-dual-lit,Front-Lit vs Halo-Lit Comparison →,[],raw,True,200,,False,True
https://www.theglownique.com/business-signs/channel-letter-signs,https://wa.me/12897963492?text=Hi%20The%20Glownique!%20I'd%20like%20a%20free%20quote%20and%20mockup%20for%20a%20Your%20Custom%20Name%20Sign.%20Here's%20my%20idea%3A%20,Start your design,"[""noopener"", ""noreferrer""]",raw,False,,,False,False
https://www.theglownique.com/business-signs/channel-letter-signs,https://www.theglownique.com/,THE GLOWNIQUE,[],raw,True,200,,False,True
https://www.theglownique.com/business-signs/channel-letter-signs,https://wa.me/12897963492?text=Hi%20The%20Glownique!%20I'd%20like%20a%20free%20quote%20and%20mockup%20for%20a%20custom%20sign.%20Here's%20my%20idea%3A%20,WhatsApp: +1 (289) 796-3492,"[""noopener"", ""noreferrer""]",raw,False,,,False,False
https://www.theglownique.com/business-signs/channel-letter-signs,https://www.instagram.com/theglownique/,,"[""noopener""]",raw,False,,,False,False
https://www.theglownique.com/business-signs/channel-letter-signs,https://www.facebook.com/people/TheGlownique/61578567176081/,,"[""noopener""]",raw,False,,,False,False
https://www.theglownique.com/business-signs/channel-letter-signs,https://www.etsy.com/listing/1878290703/custom-neon-sign-led-light-for-wedding,,"[""noopener""]",raw,False,,,False,False
https://www.theglownique.com/business-signs/channel-letter-signs,https://www.theglownique.com/products/custom-neon-signs,Custom neon signs,[],raw,True,,,False,False
https://www.theglownique.com/business-signs/channel-letter-signs,https://www.theglownique.com/products/3d-metal-neon-signs,3D metal signs,[],raw,True,,,False,False
https://www.theglownique.com/business-signs/channel-letter-signs,https://www.theglownique.com/products/ultra-thin-lightbox,Ultra thin lightbox,[],raw,True,,,False,False
https://www.theglownique.com/business-signs/channel-letter-signs,https://www.theglownique.com/products/uv-print-acrylic-signs,UV-print acrylic,[],raw,True,,,False,False
https://www.theglownique.com/business-signs/channel-letter-signs,https://www.theglownique.com/,Create your own,[],raw,True,200,,False,True
https://www.theglownique.com/business-signs/channel-letter-signs,https://www.theglownique.com/,How it works,[],raw,True,200,,False,True
https://www.theglownique.com/business-signs/channel-letter-signs,https://www.theglownique.com/,Design ideas,[],raw,True,200,,False,True
https://www.theglownique.com/business-signs/channel-letter-signs,https://www.theglownique.com/,FAQ,[],raw,True,200,,False,True
https://www.theglownique.com/business-signs/channel-letter-signs,https://www.theglownique.com/,About us,[],raw,True,200,,False,True
https://www.theglownique.com/business-signs/channel-letter-signs,https://www.theglownique.com/,Case studies,[],raw,True,200,,False,True
https://www.theglownique.com/business-signs/channel-letter-signs,https://www.theglownique.com/blog,Journal,[],raw,True,200,,False,True
https://www.theglownique.com/business-signs/channel-letter-signs,https://www.theglownique.com/contact,Contact,[],raw,True,,,False,False
https://www.theglownique.com/business-signs/channel-letter-signs,https://www.theglownique.com/shipping,Shipping & delivery,[],raw,True,,,False,False
https://www.theglownique.com/business-signs/channel-letter-signs,https://www.theglownique.com/returns,Returns & warranty,[],raw,True,,,False,False
https://www.theglownique.com/business-signs/channel-letter-signs,https://www.theglownique.com/accessibility,Accessibility,[],raw,True,,,False,False
https://www.theglownique.com/business-signs/channel-letter-signs,https://www.theglownique.com/privacy,Privacy,[],raw,True,,,False,False
https://www.theglownique.com/business-signs/channel-letter-signs,https://www.theglownique.com/privacy,Privacy,[],raw,True,,,False,False
https://www.theglownique.com/business-signs/channel-letter-signs,https://www.theglownique.com/terms,Terms,[],raw,True,,,False,False
https://www.theglownique.com/business-signs/channel-letter-signs,https://www.theglownique.com/accessibility,Accessibility,[],raw,True,,,False,False
https://www.theglownique.com/business-signs/backlit-signs,https://www.theglownique.com/business-signs/backlit-signs,Skip to content,[],raw,True,200,,False,True
https://www.theglownique.com/business-signs/backlit-signs,https://www.theglownique.com/,THE GLOWNIQUE,[],raw,True,200,,False,True
https://www.theglownique.com/business-signs/backlit-signs,https://www.theglownique.com/,Home,[],raw,True,200,,False,True
https://www.theglownique.com/business-signs/backlit-signs,https://www.theglownique.com/products/custom-neon-signs,Neon Sign,[],raw,True,,,False,False
https://www.theglownique.com/business-signs/backlit-signs,https://www.theglownique.com/products/3d-metal-neon-signs,3D Metal Neon Sign,[],raw,True,,,False,False
https://www.theglownique.com/business-signs/backlit-signs,https://www.theglownique.com/products/ultra-thin-lightbox,Ultra Thin Lightbox,[],raw,True,,,False,False
https://www.theglownique.com/business-signs/backlit-signs,https://www.theglownique.com/products/uv-print-acrylic-signs,3D Acrylic Neon Sign,[],raw,True,,,False,False
https://www.theglownique.com/business-signs/backlit-signs,https://www.theglownique.com/blog,Journal,[],raw,True,200,,False,True
https://www.theglownique.com/business-signs/backlit-signs,https://www.theglownique.com/contact,Contact,[],raw,True,,,False,False
https://www.theglownique.com/business-signs/backlit-signs,https://wa.me/12897963492?text=Hi%20The%20Glownique!%20I'd%20like%20a%20free%20quote%20and%20mockup%20for%20a%20backlit%20signs.%20Here's%20my%20idea%3A%20,Get a free quote,"[""noopener"", ""noreferrer""]",raw,False,,,False,False
https://www.theglownique.com/business-signs/backlit-signs,https://wa.me/12897963492?text=Hi%20The%20Glownique!%20I'd%20like%20a%20free%20quote%20and%20mockup%20for%20a%20custom%20backlit%20sign.%20Here's%20my%20idea%3A%20,Request Free Backlit Mockup,"[""noopener"", ""noreferrer""]",raw,False,,,False,False
https://www.theglownique.com/business-signs/backlit-signs,https://www.theglownique.com/guides/front-lit-vs-halo-lit-vs-dual-lit,Compare Front-Lit vs Halo-Lit →,[],raw,True,200,,False,True
https://www.theglownique.com/business-signs/backlit-signs,https://www.theglownique.com/guides/backlit-sign-wall-surfaces-and-standoffs,Read the full technical guide to wall surfaces & standoffs →,[],raw,True,200,,False,True
https://www.theglownique.com/business-signs/backlit-signs,https://www.theglownique.com/business-signs/backlit-lobby-signs,Explore Backlit Lobby Signs Guide →,[],raw,True,200,,False,True
https://www.theglownique.com/business-signs/backlit-signs,https://www.theglownique.com/business-signs/retail-storefronts,View Retail Storefront Solutions →,[],raw,True,200,,False,True
https://www.theglownique.com/business-signs/backlit-signs,https://www.theglownique.com/business-signs/salon-spa-signs,View Salon & Spa Signage →,[],raw,True,200,,False,True
https://www.theglownique.com/business-signs/backlit-signs,https://www.theglownique.com/business-signs/restaurant-signs,View Restaurant & Bar Signage →,[],raw,True,200,,False,True
https://www.theglownique.com/business-signs/backlit-signs,https://wa.me/12897963492?text=Hi%20The%20Glownique!%20I'd%20like%20a%20free%20quote%20and%20mockup%20for%20a%20custom%20backlit%20sign.%20Here's%20my%20idea%3A%20,Request Free Backlit Mockup,"[""noopener"", ""noreferrer""]",raw,False,,,False,False
https://www.theglownique.com/business-signs/backlit-signs,https://www.theglownique.com/contact,Speak with a Sign Specialist,[],raw,True,,,False,False
https://www.theglownique.com/business-signs/backlit-signs,https://wa.me/12897963492?text=Hi%20The%20Glownique!%20I'd%20like%20a%20free%20quote%20and%20mockup%20for%20a%20Your%20Custom%20Name%20Sign.%20Here's%20my%20idea%3A%20,Start your design,"[""noopener"", ""noreferrer""]",raw,False,,,False,False
https://www.theglownique.com/business-signs/backlit-signs,https://www.theglownique.com/,THE GLOWNIQUE,[],raw,True,200,,False,True
https://www.theglownique.com/business-signs/backlit-signs,https://wa.me/12897963492?text=Hi%20The%20Glownique!%20I'd%20like%20a%20free%20quote%20and%20mockup%20for%20a%20custom%20sign.%20Here's%20my%20idea%3A%20,WhatsApp: +1 (289) 796-3492,"[""noopener"", ""noreferrer""]",raw,False,,,False,False
https://www.theglownique.com/business-signs/backlit-signs,https://www.instagram.com/theglownique/,,"[""noopener""]",raw,False,,,False,False
https://www.theglownique.com/business-signs/backlit-signs,https://www.facebook.com/people/TheGlownique/61578567176081/,,"[""noopener""]",raw,False,,,False,False
https://www.theglownique.com/business-signs/backlit-signs,https://www.etsy.com/listing/1878290703/custom-neon-sign-led-light-for-wedding,,"[""noopener""]",raw,False,,,False,False
https://www.theglownique.com/business-signs/backlit-signs,https://www.theglownique.com/products/custom-neon-signs,Custom neon signs,[],raw,True,,,False,False
https://www.theglownique.com/business-signs/backlit-signs,https://www.theglownique.com/products/3d-metal-neon-signs,3D metal signs,[],raw,True,,,False,False
https://www.theglownique.com/business-signs/backlit-signs,https://www.theglownique.com/products/ultra-thin-lightbox,Ultra thin lightbox,[],raw,True,,,False,False
https://www.theglownique.com/business-signs/backlit-signs,https://www.theglownique.com/products/uv-print-acrylic-signs,UV-print acrylic,[],raw,True,,,False,False
https://www.theglownique.com/business-signs/backlit-signs,https://www.theglownique.com/,Create your own,[],raw,True,200,,False,True
https://www.theglownique.com/business-signs/backlit-signs,https://www.theglownique.com/,How it works,[],raw,True,200,,False,True
https://www.theglownique.com/business-signs/backlit-signs,https://www.theglownique.com/,Design ideas,[],raw,True,200,,False,True
https://www.theglownique.com/business-signs/backlit-signs,https://www.theglownique.com/,FAQ,[],raw,True,200,,False,True
https://www.theglownique.com/business-signs/backlit-signs,https://www.theglownique.com/,About us,[],raw,True,200,,False,True
https://www.theglownique.com/business-signs/backlit-signs,https://www.theglownique.com/,Case studies,[],raw,True,200,,False,True
https://www.theglownique.com/business-signs/backlit-signs,https://www.theglownique.com/blog,Journal,[],raw,True,200,,False,True
https://www.theglownique.com/business-signs/backlit-signs,https://www.theglownique.com/contact,Contact,[],raw,True,,,False,False
https://www.theglownique.com/business-signs/backlit-signs,https://www.theglownique.com/shipping,Shipping & delivery,[],raw,True,,,False,False
https://www.theglownique.com/business-signs/backlit-signs,https://www.theglownique.com/returns,Returns & warranty,[],raw,True,,,False,False
https://www.theglownique.com/business-signs/backlit-signs,https://www.theglownique.com/accessibility,Accessibility,[],raw,True,,,False,False
https://www.theglownique.com/business-signs/backlit-signs,https://www.theglownique.com/privacy,Privacy,[],raw,True,,,False,False
https://www.theglownique.com/business-signs/backlit-signs,https://www.theglownique.com/privacy,Privacy,[],raw,True,,,False,False
https://www.theglownique.com/business-signs/backlit-signs,https://www.theglownique.com/terms,Terms,[],raw,True,,,False,False
https://www.theglownique.com/business-signs/backlit-signs,https://www.theglownique.com/accessibility,Accessibility,[],raw,True,,,False,False
https://www.theglownique.com/business-signs/backlit-lobby-signs,https://www.theglownique.com/business-signs/backlit-lobby-signs,Skip to content,[],raw,True,200,,False,True
https://www.theglownique.com/business-signs/backlit-lobby-signs,https://www.theglownique.com/,THE GLOWNIQUE,[],raw,True,200,,False,True
https://www.theglownique.com/business-signs/backlit-lobby-signs,https://www.theglownique.com/,Home,[],raw,True,200,,False,True
https://www.theglownique.com/business-signs/backlit-lobby-signs,https://www.theglownique.com/products/custom-neon-signs,Neon Sign,[],raw,True,,,False,False
https://www.theglownique.com/business-signs/backlit-lobby-signs,https://www.theglownique.com/products/3d-metal-neon-signs,3D Metal Neon Sign,[],raw,True,,,False,False
https://www.theglownique.com/business-signs/backlit-lobby-signs,https://www.theglownique.com/products/ultra-thin-lightbox,Ultra Thin Lightbox,[],raw,True,,,False,False
https://www.theglownique.com/business-signs/backlit-lobby-signs,https://www.theglownique.com/products/uv-print-acrylic-signs,3D Acrylic Neon Sign,[],raw,True,,,False,False
https://www.theglownique.com/business-signs/backlit-lobby-signs,https://www.theglownique.com/blog,Journal,[],raw,True,200,,False,True
https://www.theglownique.com/business-signs/backlit-lobby-signs,https://www.theglownique.com/contact,Contact,[],raw,True,,,False,False
https://www.theglownique.com/business-signs/backlit-lobby-signs,https://wa.me/12897963492?text=Hi%20The%20Glownique!%20I'd%20like%20a%20free%20quote%20and%20mockup%20for%20a%20backlit%20lobby%20signs.%20Here's%20my%20idea%3A%20,Get a free quote,"[""noopener"", ""noreferrer""]",raw,False,,,False,False
https://www.theglownique.com/business-signs/backlit-lobby-signs,https://wa.me/12897963492?text=Hi%20The%20Glownique!%20I'd%20like%20a%20free%20quote%20and%20mockup%20for%20a%20custom%20backlit%20lobby%20sign.%20Here's%20my%20idea%3A%20,Request Lobby Sign Mockup,"[""noopener"", ""noreferrer""]",raw,False,,,False,False
https://www.theglownique.com/business-signs/backlit-lobby-signs,https://www.theglownique.com/business-signs/backlit-signs,View All Backlit Sign Styles →,[],raw,True,200,,False,True
https://www.theglownique.com/business-signs/backlit-lobby-signs,https://wa.me/12897963492?text=Hi%20The%20Glownique!%20I'd%20like%20a%20free%20quote%20and%20mockup%20for%20a%20custom%20backlit%20lobby%20sign.%20Here's%20my%20idea%3A%20,Request Free Lobby Sign Mockup,"[""noopener"", ""noreferrer""]",raw,False,,,False,False
https://www.theglownique.com/business-signs/backlit-lobby-signs,https://www.theglownique.com/business-signs/office-signs,View General Office Signs →,[],raw,True,200,,False,True
https://www.theglownique.com/business-signs/backlit-lobby-signs,https://wa.me/12897963492?text=Hi%20The%20Glownique!%20I'd%20like%20a%20free%20quote%20and%20mockup%20for%20a%20Your%20Custom%20Name%20Sign.%20Here's%20my%20idea%3A%20,Start your design,"[""noopener"", ""noreferrer""]",raw,False,,,False,False
https://www.theglownique.com/business-signs/backlit-lobby-signs,https://www.theglownique.com/,THE GLOWNIQUE,[],raw,True,200,,False,True
https://www.theglownique.com/business-signs/backlit-lobby-signs,https://wa.me/12897963492?text=Hi%20The%20Glownique!%20I'd%20like%20a%20free%20quote%20and%20mockup%20for%20a%20custom%20sign.%20Here's%20my%20idea%3A%20,WhatsApp: +1 (289) 796-3492,"[""noopener"", ""noreferrer""]",raw,False,,,False,False
https://www.theglownique.com/business-signs/backlit-lobby-signs,https://www.instagram.com/theglownique/,,"[""noopener""]",raw,False,,,False,False
https://www.theglownique.com/business-signs/backlit-lobby-signs,https://www.facebook.com/people/TheGlownique/61578567176081/,,"[""noopener""]",raw,False,,,False,False
https://www.theglownique.com/business-signs/backlit-lobby-signs,https://www.etsy.com/listing/1878290703/custom-neon-sign-led-light-for-wedding,,"[""noopener""]",raw,False,,,False,False
https://www.theglownique.com/business-signs/backlit-lobby-signs,https://www.theglownique.com/products/custom-neon-signs,Custom neon signs,[],raw,True,,,False,False
https://www.theglownique.com/business-signs/backlit-lobby-signs,https://www.theglownique.com/products/3d-metal-neon-signs,3D metal signs,[],raw,True,,,False,False
https://www.theglownique.com/business-signs/backlit-lobby-signs,https://www.theglownique.com/products/ultra-thin-lightbox,Ultra thin lightbox,[],raw,True,,,False,False
https://www.theglownique.com/business-signs/backlit-lobby-signs,https://www.theglownique.com/products/uv-print-acrylic-signs,UV-print acrylic,[],raw,True,,,False,False
https://www.theglownique.com/business-signs/backlit-lobby-signs,https://www.theglownique.com/,Create your own,[],raw,True,200,,False,True
https://www.theglownique.com/business-signs/backlit-lobby-signs,https://www.theglownique.com/,How it works,[],raw,True,200,,False,True
https://www.theglownique.com/business-signs/backlit-lobby-signs,https://www.theglownique.com/,Design ideas,[],raw,True,200,,False,True
https://www.theglownique.com/business-signs/backlit-lobby-signs,https://www.theglownique.com/,FAQ,[],raw,True,200,,False,True
https://www.theglownique.com/business-signs/backlit-lobby-signs,https://www.theglownique.com/,About us,[],raw,True,200,,False,True
https://www.theglownique.com/business-signs/backlit-lobby-signs,https://www.theglownique.com/,Case studies,[],raw,True,200,,False,True
https://www.theglownique.com/business-signs/backlit-lobby-signs,https://www.theglownique.com/blog,Journal,[],raw,True,200,,False,True
https://www.theglownique.com/business-signs/backlit-lobby-signs,https://www.theglownique.com/contact,Contact,[],raw,True,,,False,False
https://www.theglownique.com/business-signs/backlit-lobby-signs,https://www.theglownique.com/shipping,Shipping & delivery,[],raw,True,,,False,False
https://www.theglownique.com/business-signs/backlit-lobby-signs,https://www.theglownique.com/returns,Returns & warranty,[],raw,True,,,False,False
https://www.theglownique.com/business-signs/backlit-lobby-signs,https://www.theglownique.com/accessibility,Accessibility,[],raw,True,,,False,False
https://www.theglownique.com/business-signs/backlit-lobby-signs,https://www.theglownique.com/privacy,Privacy,[],raw,True,,,False,False
https://www.theglownique.com/business-signs/backlit-lobby-signs,https://www.theglownique.com/privacy,Privacy,[],raw,True,,,False,False
https://www.theglownique.com/business-signs/backlit-lobby-signs,https://www.theglownique.com/terms,Terms,[],raw,True,,,False,False
https://www.theglownique.com/business-signs/backlit-lobby-signs,https://www.theglownique.com/accessibility,Accessibility,[],raw,True,,,False,False
https://www.theglownique.com/business-signs/lightbox-signs,https://www.theglownique.com/business-signs/lightbox-signs,Skip to content,[],raw,True,200,,False,True
https://www.theglownique.com/business-signs/lightbox-signs,https://www.theglownique.com/,THE GLOWNIQUE,[],raw,True,200,,False,True
https://www.theglownique.com/business-signs/lightbox-signs,https://www.theglownique.com/,Home,[],raw,True,200,,False,True
https://www.theglownique.com/business-signs/lightbox-signs,https://www.theglownique.com/products/custom-neon-signs,Neon Sign,[],raw,True,,,False,False
https://www.theglownique.com/business-signs/lightbox-signs,https://www.theglownique.com/products/3d-metal-neon-signs,3D Metal Neon Sign,[],raw,True,,,False,False
https://www.theglownique.com/business-signs/lightbox-signs,https://www.theglownique.com/products/ultra-thin-lightbox,Ultra Thin Lightbox,[],raw,True,,,False,False
https://www.theglownique.com/business-signs/lightbox-signs,https://www.theglownique.com/products/uv-print-acrylic-signs,3D Acrylic Neon Sign,[],raw,True,,,False,False
https://www.theglownique.com/business-signs/lightbox-signs,https://www.theglownique.com/blog,Journal,[],raw,True,200,,False,True
https://www.theglownique.com/business-signs/lightbox-signs,https://www.theglownique.com/contact,Contact,[],raw,True,,,False,False
https://www.theglownique.com/business-signs/lightbox-signs,https://wa.me/12897963492?text=Hi%20The%20Glownique!%20I'd%20like%20a%20free%20quote%20and%20mockup%20for%20a%20ultra-thin%20lightbox%20sign.%20Here's%20my%20idea%3A%20,Get a free quote,"[""noopener"", ""noreferrer""]",raw,False,,,False,False
https://www.theglownique.com/business-signs/lightbox-signs,https://www.theglownique.com/,Home,[],raw,True,200,,False,True
https://www.theglownique.com/business-signs/lightbox-signs,https://www.theglownique.com/business-signs,Business Signs,[],raw,True,200,,False,True
https://www.theglownique.com/business-signs/lightbox-signs,https://wa.me/12897963492?text=Hi%20The%20Glownique!%20I'd%20like%20a%20free%20quote%20and%20mockup%20for%20a%20ultra-thin%20lightbox%20sign.%20Here's%20my%20idea%3A%20,Get a Lightbox Quote,"[""noopener"", ""noreferrer""]",raw,False,,,False,False
https://www.theglownique.com/business-signs/lightbox-signs,https://www.theglownique.com/products/ultra-thin-lightbox,View Lightbox Catalog Specs →,[],raw,True,,,False,False
https://www.theglownique.com/business-signs/lightbox-signs,https://wa.me/12897963492?text=Hi%20The%20Glownique!%20I'd%20like%20a%20free%20quote%20and%20mockup%20for%20a%20Your%20Custom%20Name%20Sign.%20Here's%20my%20idea%3A%20,Start your design,"[""noopener"", ""noreferrer""]",raw,False,,,False,False
https://www.theglownique.com/business-signs/lightbox-signs,https://www.theglownique.com/,THE GLOWNIQUE,[],raw,True,200,,False,True
https://www.theglownique.com/business-signs/lightbox-signs,https://wa.me/12897963492?text=Hi%20The%20Glownique!%20I'd%20like%20a%20free%20quote%20and%20mockup%20for%20a%20custom%20sign.%20Here's%20my%20idea%3A%20,WhatsApp: +1 (289) 796-3492,"[""noopener"", ""noreferrer""]",raw,False,,,False,False
https://www.theglownique.com/business-signs/lightbox-signs,https://www.instagram.com/theglownique/,,"[""noopener""]",raw,False,,,False,False
https://www.theglownique.com/business-signs/lightbox-signs,https://www.facebook.com/people/TheGlownique/61578567176081/,,"[""noopener""]",raw,False,,,False,False
https://www.theglownique.com/business-signs/lightbox-signs,https://www.etsy.com/listing/1878290703/custom-neon-sign-led-light-for-wedding,,"[""noopener""]",raw,False,,,False,False
https://www.theglownique.com/business-signs/lightbox-signs,https://www.theglownique.com/products/custom-neon-signs,Custom neon signs,[],raw,True,,,False,False
https://www.theglownique.com/business-signs/lightbox-signs,https://www.theglownique.com/products/3d-metal-neon-signs,3D metal signs,[],raw,True,,,False,False
https://www.theglownique.com/business-signs/lightbox-signs,https://www.theglownique.com/products/ultra-thin-lightbox,Ultra thin lightbox,[],raw,True,,,False,False
https://www.theglownique.com/business-signs/lightbox-signs,https://www.theglownique.com/products/uv-print-acrylic-signs,UV-print acrylic,[],raw,True,,,False,False
https://www.theglownique.com/business-signs/lightbox-signs,https://www.theglownique.com/,Create your own,[],raw,True,200,,False,True
https://www.theglownique.com/business-signs/lightbox-signs,https://www.theglownique.com/,How it works,[],raw,True,200,,False,True
https://www.theglownique.com/business-signs/lightbox-signs,https://www.theglownique.com/,Design ideas,[],raw,True,200,,False,True
https://www.theglownique.com/business-signs/lightbox-signs,https://www.theglownique.com/,FAQ,[],raw,True,200,,False,True
https://www.theglownique.com/business-signs/lightbox-signs,https://www.theglownique.com/,About us,[],raw,True,200,,False,True
https://www.theglownique.com/business-signs/lightbox-signs,https://www.theglownique.com/,Case studies,[],raw,True,200,,False,True
https://www.theglownique.com/business-signs/lightbox-signs,https://www.theglownique.com/blog,Journal,[],raw,True,200,,False,True
https://www.theglownique.com/business-signs/lightbox-signs,https://www.theglownique.com/contact,Contact,[],raw,True,,,False,False
https://www.theglownique.com/business-signs/lightbox-signs,https://www.theglownique.com/shipping,Shipping & delivery,[],raw,True,,,False,False
https://www.theglownique.com/business-signs/lightbox-signs,https://www.theglownique.com/returns,Returns & warranty,[],raw,True,,,False,False
https://www.theglownique.com/business-signs/lightbox-signs,https://www.theglownique.com/accessibility,Accessibility,[],raw,True,,,False,False
https://www.theglownique.com/business-signs/lightbox-signs,https://www.theglownique.com/privacy,Privacy,[],raw,True,,,False,False
https://www.theglownique.com/business-signs/lightbox-signs,https://www.theglownique.com/privacy,Privacy,[],raw,True,,,False,False
https://www.theglownique.com/business-signs/lightbox-signs,https://www.theglownique.com/terms,Terms,[],raw,True,,,False,False
https://www.theglownique.com/business-signs/lightbox-signs,https://www.theglownique.com/accessibility,Accessibility,[],raw,True,,,False,False
https://www.theglownique.com/business-signs/acrylic-logo-signs,https://www.theglownique.com/business-signs/acrylic-logo-signs,Skip to content,[],raw,True,200,,False,True
https://www.theglownique.com/business-signs/acrylic-logo-signs,https://www.theglownique.com/,THE GLOWNIQUE,[],raw,True,200,,False,True
https://www.theglownique.com/business-signs/acrylic-logo-signs,https://www.theglownique.com/,Home,[],raw,True,200,,False,True
https://www.theglownique.com/business-signs/acrylic-logo-signs,https://www.theglownique.com/products/custom-neon-signs,Neon Sign,[],raw,True,,,False,False
https://www.theglownique.com/business-signs/acrylic-logo-signs,https://www.theglownique.com/products/3d-metal-neon-signs,3D Metal Neon Sign,[],raw,True,,,False,False
https://www.theglownique.com/business-signs/acrylic-logo-signs,https://www.theglownique.com/products/ultra-thin-lightbox,Ultra Thin Lightbox,[],raw,True,,,False,False
https://www.theglownique.com/business-signs/acrylic-logo-signs,https://www.theglownique.com/products/uv-print-acrylic-signs,3D Acrylic Neon Sign,[],raw,True,,,False,False
https://www.theglownique.com/business-signs/acrylic-logo-signs,https://www.theglownique.com/blog,Journal,[],raw,True,200,,False,True
https://www.theglownique.com/business-signs/acrylic-logo-signs,https://www.theglownique.com/contact,Contact,[],raw,True,,,False,False
https://www.theglownique.com/business-signs/acrylic-logo-signs,https://wa.me/12897963492?text=Hi%20The%20Glownique!%20I'd%20like%20a%20free%20quote%20and%20mockup%20for%20a%203D%20acrylic%20logo%20sign.%20Here's%20my%20idea%3A%20,Get a free quote,"[""noopener"", ""noreferrer""]",raw,False,,,False,False
https://www.theglownique.com/business-signs/acrylic-logo-signs,https://www.theglownique.com/,Home,[],raw,True,200,,False,True
https://www.theglownique.com/business-signs/acrylic-logo-signs,https://www.theglownique.com/business-signs,Business Signs,[],raw,True,200,,False,True
https://www.theglownique.com/business-signs/acrylic-logo-signs,https://wa.me/12897963492?text=Hi%20The%20Glownique!%20I'd%20like%20a%20free%20quote%20and%20mockup%20for%20a%203D%20acrylic%20logo%20sign.%20Here's%20my%20idea%3A%20,Get an Acrylic Logo Quote,"[""noopener"", ""noreferrer""]",raw,False,,,False,False
https://www.theglownique.com/business-signs/acrylic-logo-signs,https://www.theglownique.com/products/uv-print-acrylic-signs,View General Acrylic Specs →,[],raw,True,,,False,False
https://www.theglownique.com/business-signs/acrylic-logo-signs,https://wa.me/12897963492?text=Hi%20The%20Glownique!%20I'd%20like%20a%20free%20quote%20and%20mockup%20for%20a%20Your%20Custom%20Name%20Sign.%20Here's%20my%20idea%3A%20,Start your design,"[""noopener"", ""noreferrer""]",raw,False,,,False,False
https://www.theglownique.com/business-signs/acrylic-logo-signs,https://www.theglownique.com/,THE GLOWNIQUE,[],raw,True,200,,False,True
https://www.theglownique.com/business-signs/acrylic-logo-signs,https://wa.me/12897963492?text=Hi%20The%20Glownique!%20I'd%20like%20a%20free%20quote%20and%20mockup%20for%20a%20custom%20sign.%20Here's%20my%20idea%3A%20,WhatsApp: +1 (289) 796-3492,"[""noopener"", ""noreferrer""]",raw,False,,,False,False
https://www.theglownique.com/business-signs/acrylic-logo-signs,https://www.instagram.com/theglownique/,,"[""noopener""]",raw,False,,,False,False
https://www.theglownique.com/business-signs/acrylic-logo-signs,https://www.facebook.com/people/TheGlownique/61578567176081/,,"[""noopener""]",raw,False,,,False,False
https://www.theglownique.com/business-signs/acrylic-logo-signs,https://www.etsy.com/listing/1878290703/custom-neon-sign-led-light-for-wedding,,"[""noopener""]",raw,False,,,False,False
https://www.theglownique.com/business-signs/acrylic-logo-signs,https://www.theglownique.com/products/custom-neon-signs,Custom neon signs,[],raw,True,,,False,False
https://www.theglownique.com/business-signs/acrylic-logo-signs,https://www.theglownique.com/products/3d-metal-neon-signs,3D metal signs,[],raw,True,,,False,False
https://www.theglownique.com/business-signs/acrylic-logo-signs,https://www.theglownique.com/products/ultra-thin-lightbox,Ultra thin lightbox,[],raw,True,,,False,False
https://www.theglownique.com/business-signs/acrylic-logo-signs,https://www.theglownique.com/products/uv-print-acrylic-signs,UV-print acrylic,[],raw,True,,,False,False
https://www.theglownique.com/business-signs/acrylic-logo-signs,https://www.theglownique.com/,Create your own,[],raw,True,200,,False,True
https://www.theglownique.com/business-signs/acrylic-logo-signs,https://www.theglownique.com/,How it works,[],raw,True,200,,False,True
https://www.theglownique.com/business-signs/acrylic-logo-signs,https://www.theglownique.com/,Design ideas,[],raw,True,200,,False,True
https://www.theglownique.com/business-signs/acrylic-logo-signs,https://www.theglownique.com/,FAQ,[],raw,True,200,,False,True
https://www.theglownique.com/business-signs/acrylic-logo-signs,https://www.theglownique.com/,About us,[],raw,True,200,,False,True
https://www.theglownique.com/business-signs/acrylic-logo-signs,https://www.theglownique.com/,Case studies,[],raw,True,200,,False,True
https://www.theglownique.com/business-signs/acrylic-logo-signs,https://www.theglownique.com/blog,Journal,[],raw,True,200,,False,True
https://www.theglownique.com/business-signs/acrylic-logo-signs,https://www.theglownique.com/contact,Contact,[],raw,True,,,False,False
https://www.theglownique.com/business-signs/acrylic-logo-signs,https://www.theglownique.com/shipping,Shipping & delivery,[],raw,True,,,False,False
https://www.theglownique.com/business-signs/acrylic-logo-signs,https://www.theglownique.com/returns,Returns & warranty,[],raw,True,,,False,False
https://www.theglownique.com/business-signs/acrylic-logo-signs,https://www.theglownique.com/accessibility,Accessibility,[],raw,True,,,False,False
https://www.theglownique.com/business-signs/acrylic-logo-signs,https://www.theglownique.com/privacy,Privacy,[],raw,True,,,False,False
https://www.theglownique.com/business-signs/acrylic-logo-signs,https://www.theglownique.com/privacy,Privacy,[],raw,True,,,False,False
https://www.theglownique.com/business-signs/acrylic-logo-signs,https://www.theglownique.com/terms,Terms,[],raw,True,,,False,False
https://www.theglownique.com/business-signs/acrylic-logo-signs,https://www.theglownique.com/accessibility,Accessibility,[],raw,True,,,False,False
https://www.theglownique.com/business-signs/gym-fitness-signs,https://www.theglownique.com/business-signs/gym-fitness-signs,Skip to content,[],raw,True,200,,False,True
https://www.theglownique.com/business-signs/gym-fitness-signs,https://www.theglownique.com/,THE GLOWNIQUE,[],raw,True,200,,False,True
https://www.theglownique.com/business-signs/gym-fitness-signs,https://www.theglownique.com/,Home,[],raw,True,200,,False,True
https://www.theglownique.com/business-signs/gym-fitness-signs,https://www.theglownique.com/products/custom-neon-signs,Neon Sign,[],raw,True,,,False,False
https://www.theglownique.com/business-signs/gym-fitness-signs,https://www.theglownique.com/products/3d-metal-neon-signs,3D Metal Neon Sign,[],raw,True,,,False,False
https://www.theglownique.com/business-signs/gym-fitness-signs,https://www.theglownique.com/products/ultra-thin-lightbox,Ultra Thin Lightbox,[],raw,True,,,False,False
https://www.theglownique.com/business-signs/gym-fitness-signs,https://www.theglownique.com/products/uv-print-acrylic-signs,3D Acrylic Neon Sign,[],raw,True,,,False,False
https://www.theglownique.com/business-signs/gym-fitness-signs,https://www.theglownique.com/blog,Journal,[],raw,True,200,,False,True
https://www.theglownique.com/business-signs/gym-fitness-signs,https://www.theglownique.com/contact,Contact,[],raw,True,,,False,False
https://www.theglownique.com/business-signs/gym-fitness-signs,https://wa.me/12897963492?text=Hi%20The%20Glownique!%20I'd%20like%20a%20free%20quote%20and%20mockup%20for%20a%20custom%20gym%20neon%20sign.%20Here's%20my%20idea%3A%20,Get a free quote,"[""noopener"", ""noreferrer""]",raw,False,,,False,False
https://www.theglownique.com/business-signs/gym-fitness-signs,https://www.theglownique.com/,Home,[],raw,True,200,,False,True
https://www.theglownique.com/business-signs/gym-fitness-signs,https://www.theglownique.com/business-signs,Business Signs,[],raw,True,200,,False,True
https://www.theglownique.com/business-signs/gym-fitness-signs,https://wa.me/12897963492?text=Hi%20The%20Glownique!%20I'd%20like%20a%20free%20quote%20and%20mockup%20for%20a%20custom%20gym%20neon%20sign.%20Here's%20my%20idea%3A%20,Get a Gym Sign Quote,"[""noopener"", ""noreferrer""]",raw,False,,,False,False
https://www.theglownique.com/business-signs/gym-fitness-signs,https://www.theglownique.com/business-signs,All Business Signs →,[],raw,True,200,,False,True
https://www.theglownique.com/business-signs/gym-fitness-signs,https://www.theglownique.com/business-signs/custom-logo-neon-signs,LED Neon Signs → Shatterproof 12V silicone tubing is the right answer above a squat rack — there is no glass to break and the run is cool to touch.,[],raw,True,200,,False,True
https://www.theglownique.com/business-signs/gym-fitness-signs,https://www.theglownique.com/business-signs/channel-letter-signs,3D Metal Channel Letters → Fabricated metal letters for the studio name on an exterior façade or a double-height entrance wall.,[],raw,True,200,,False,True
https://www.theglownique.com/business-signs/gym-fitness-signs,https://www.theglownique.com/business-signs/acrylic-logo-signs,"UV-Print Acrylic Signs → Layered acrylic for class timetables, zone markers and reception logo walls where the artwork is full-colour.",[],raw,True,200,,False,True
https://www.theglownique.com/business-signs/gym-fitness-signs,https://wa.me/12897963492?text=Hi%20The%20Glownique!%20I'd%20like%20a%20free%20quote%20and%20mockup%20for%20a%20custom%20gym%20neon%20sign.%20Here's%20my%20idea%3A%20,Get a Gym Sign Quote,"[""noopener"", ""noreferrer""]",raw,False,,,False,False
https://www.theglownique.com/business-signs/gym-fitness-signs,https://www.theglownique.com/guides,Read the Buying Guides →,[],raw,True,200,,False,True
https://www.theglownique.com/business-signs/gym-fitness-signs,https://wa.me/12897963492?text=Hi%20The%20Glownique!%20I'd%20like%20a%20free%20quote%20and%20mockup%20for%20a%20Your%20Custom%20Name%20Sign.%20Here's%20my%20idea%3A%20,Start your design,"[""noopener"", ""noreferrer""]",raw,False,,,False,False
https://www.theglownique.com/business-signs/gym-fitness-signs,https://www.theglownique.com/,THE GLOWNIQUE,[],raw,True,200,,False,True
https://www.theglownique.com/business-signs/gym-fitness-signs,https://wa.me/12897963492?text=Hi%20The%20Glownique!%20I'd%20like%20a%20free%20quote%20and%20mockup%20for%20a%20custom%20sign.%20Here's%20my%20idea%3A%20,WhatsApp: +1 (289) 796-3492,"[""noopener"", ""noreferrer""]",raw,False,,,False,False
https://www.theglownique.com/business-signs/gym-fitness-signs,https://www.instagram.com/theglownique/,,"[""noopener""]",raw,False,,,False,False
https://www.theglownique.com/business-signs/gym-fitness-signs,https://www.facebook.com/people/TheGlownique/61578567176081/,,"[""noopener""]",raw,False,,,False,False
https://www.theglownique.com/business-signs/gym-fitness-signs,https://www.etsy.com/listing/1878290703/custom-neon-sign-led-light-for-wedding,,"[""noopener""]",raw,False,,,False,False
https://www.theglownique.com/business-signs/gym-fitness-signs,https://www.theglownique.com/products/custom-neon-signs,Custom neon signs,[],raw,True,,,False,False
https://www.theglownique.com/business-signs/gym-fitness-signs,https://www.theglownique.com/products/3d-metal-neon-signs,3D metal signs,[],raw,True,,,False,False
https://www.theglownique.com/business-signs/gym-fitness-signs,https://www.theglownique.com/products/ultra-thin-lightbox,Ultra thin lightbox,[],raw,True,,,False,False
https://www.theglownique.com/business-signs/gym-fitness-signs,https://www.theglownique.com/products/uv-print-acrylic-signs,UV-print acrylic,[],raw,True,,,False,False
https://www.theglownique.com/business-signs/gym-fitness-signs,https://www.theglownique.com/,Create your own,[],raw,True,200,,False,True
https://www.theglownique.com/business-signs/gym-fitness-signs,https://www.theglownique.com/,How it works,[],raw,True,200,,False,True
https://www.theglownique.com/business-signs/gym-fitness-signs,https://www.theglownique.com/,Design ideas,[],raw,True,200,,False,True
https://www.theglownique.com/business-signs/gym-fitness-signs,https://www.theglownique.com/,FAQ,[],raw,True,200,,False,True
https://www.theglownique.com/business-signs/gym-fitness-signs,https://www.theglownique.com/,About us,[],raw,True,200,,False,True
https://www.theglownique.com/business-signs/gym-fitness-signs,https://www.theglownique.com/,Case studies,[],raw,True,200,,False,True
https://www.theglownique.com/business-signs/gym-fitness-signs,https://www.theglownique.com/blog,Journal,[],raw,True,200,,False,True
https://www.theglownique.com/business-signs/gym-fitness-signs,https://www.theglownique.com/contact,Contact,[],raw,True,,,False,False
https://www.theglownique.com/business-signs/gym-fitness-signs,https://www.theglownique.com/shipping,Shipping & delivery,[],raw,True,,,False,False
https://www.theglownique.com/business-signs/gym-fitness-signs,https://www.theglownique.com/returns,Returns & warranty,[],raw,True,,,False,False
https://www.theglownique.com/business-signs/gym-fitness-signs,https://www.theglownique.com/accessibility,Accessibility,[],raw,True,,,False,False
https://www.theglownique.com/business-signs/gym-fitness-signs,https://www.theglownique.com/privacy,Privacy,[],raw,True,,,False,False
https://www.theglownique.com/business-signs/gym-fitness-signs,https://www.theglownique.com/privacy,Privacy,[],raw,True,,,False,False
https://www.theglownique.com/business-signs/gym-fitness-signs,https://www.theglownique.com/terms,Terms,[],raw,True,,,False,False
https://www.theglownique.com/business-signs/gym-fitness-signs,https://www.theglownique.com/accessibility,Accessibility,[],raw,True,,,False,False
https://www.theglownique.com/business-signs/bar-signs,https://www.theglownique.com/business-signs/bar-signs,Skip to content,[],raw,True,200,,False,True
https://www.theglownique.com/business-signs/bar-signs,https://www.theglownique.com/,THE GLOWNIQUE,[],raw,True,200,,False,True
https://www.theglownique.com/business-signs/bar-signs,https://www.theglownique.com/,Home,[],raw,True,200,,False,True
https://www.theglownique.com/business-signs/bar-signs,https://www.theglownique.com/products/custom-neon-signs,Neon Sign,[],raw,True,,,False,False
https://www.theglownique.com/business-signs/bar-signs,https://www.theglownique.com/products/3d-metal-neon-signs,3D Metal Neon Sign,[],raw,True,,,False,False
https://www.theglownique.com/business-signs/bar-signs,https://www.theglownique.com/products/ultra-thin-lightbox,Ultra Thin Lightbox,[],raw,True,,,False,False
https://www.theglownique.com/business-signs/bar-signs,https://www.theglownique.com/products/uv-print-acrylic-signs,3D Acrylic Neon Sign,[],raw,True,,,False,False
https://www.theglownique.com/business-signs/bar-signs,https://www.theglownique.com/blog,Journal,[],raw,True,200,,False,True
https://www.theglownique.com/business-signs/bar-signs,https://www.theglownique.com/contact,Contact,[],raw,True,,,False,False
https://www.theglownique.com/business-signs/bar-signs,https://wa.me/12897963492?text=Hi%20The%20Glownique!%20I'd%20like%20a%20free%20quote%20and%20mockup%20for%20a%20custom%20neon%20bar%20sign.%20Here's%20my%20idea%3A%20,Get a free quote,"[""noopener"", ""noreferrer""]",raw,False,,,False,False
https://www.theglownique.com/business-signs/bar-signs,https://www.theglownique.com/,Home,[],raw,True,200,,False,True
https://www.theglownique.com/business-signs/bar-signs,https://www.theglownique.com/business-signs,Business Signs,[],raw,True,200,,False,True
https://www.theglownique.com/business-signs/bar-signs,https://wa.me/12897963492?text=Hi%20The%20Glownique!%20I'd%20like%20a%20free%20quote%20and%20mockup%20for%20a%20custom%20neon%20bar%20sign.%20Here's%20my%20idea%3A%20,Get a Bar Sign Quote,"[""noopener"", ""noreferrer""]",raw,False,,,False,False
https://www.theglownique.com/business-signs/bar-signs,https://www.theglownique.com/business-signs,All Business Signs →,[],raw,True,200,,False,True
https://www.theglownique.com/business-signs/bar-signs,https://www.theglownique.com/business-signs/custom-logo-neon-signs,"LED Neon Signs → The back-bar workhorse. Warm, saturated colour at low voltage, and dimmable so it can sit under service lighting at 6pm and carry the room at midnight.",[],raw,True,200,,False,True
https://www.theglownique.com/business-signs/bar-signs,https://www.theglownique.com/business-signs/acrylic-logo-signs,"UV-Print Acrylic Signs → Full-colour cocktail lists, brand marks and layered feature pieces where the artwork is more than lettering.",[],raw,True,200,,False,True
https://www.theglownique.com/business-signs/bar-signs,https://www.theglownique.com/business-signs/lightbox-signs,Ultra-Thin Lightbox Signs → Backlit menu and specials panels you can change without changing the sign.,[],raw,True,200,,False,True
https://www.theglownique.com/business-signs/bar-signs,https://www.theglownique.com/business-signs/channel-letter-signs,"3D Metal Channel Letters → Exterior venue name and street-facing façade signage, IP67-rated for outdoor mounting.",[],raw,True,200,,False,True
https://www.theglownique.com/business-signs/bar-signs,https://wa.me/12897963492?text=Hi%20The%20Glownique!%20I'd%20like%20a%20free%20quote%20and%20mockup%20for%20a%20custom%20neon%20bar%20sign.%20Here's%20my%20idea%3A%20,Get a Bar Sign Quote,"[""noopener"", ""noreferrer""]",raw,False,,,False,False
https://www.theglownique.com/business-signs/bar-signs,https://www.theglownique.com/guides,Read the Buying Guides →,[],raw,True,200,,False,True
https://www.theglownique.com/business-signs/bar-signs,https://wa.me/12897963492?text=Hi%20The%20Glownique!%20I'd%20like%20a%20free%20quote%20and%20mockup%20for%20a%20Your%20Custom%20Name%20Sign.%20Here's%20my%20idea%3A%20,Start your design,"[""noopener"", ""noreferrer""]",raw,False,,,False,False
https://www.theglownique.com/business-signs/bar-signs,https://www.theglownique.com/,THE GLOWNIQUE,[],raw,True,200,,False,True
https://www.theglownique.com/business-signs/bar-signs,https://wa.me/12897963492?text=Hi%20The%20Glownique!%20I'd%20like%20a%20free%20quote%20and%20mockup%20for%20a%20custom%20sign.%20Here's%20my%20idea%3A%20,WhatsApp: +1 (289) 796-3492,"[""noopener"", ""noreferrer""]",raw,False,,,False,False
https://www.theglownique.com/business-signs/bar-signs,https://www.instagram.com/theglownique/,,"[""noopener""]",raw,False,,,False,False
https://www.theglownique.com/business-signs/bar-signs,https://www.facebook.com/people/TheGlownique/61578567176081/,,"[""noopener""]",raw,False,,,False,False
https://www.theglownique.com/business-signs/bar-signs,https://www.etsy.com/listing/1878290703/custom-neon-sign-led-light-for-wedding,,"[""noopener""]",raw,False,,,False,False
https://www.theglownique.com/business-signs/bar-signs,https://www.theglownique.com/products/custom-neon-signs,Custom neon signs,[],raw,True,,,False,False
https://www.theglownique.com/business-signs/bar-signs,https://www.theglownique.com/products/3d-metal-neon-signs,3D metal signs,[],raw,True,,,False,False
https://www.theglownique.com/business-signs/bar-signs,https://www.theglownique.com/products/ultra-thin-lightbox,Ultra thin lightbox,[],raw,True,,,False,False
https://www.theglownique.com/business-signs/bar-signs,https://www.theglownique.com/products/uv-print-acrylic-signs,UV-print acrylic,[],raw,True,,,False,False
https://www.theglownique.com/business-signs/bar-signs,https://www.theglownique.com/,Create your own,[],raw,True,200,,False,True
https://www.theglownique.com/business-signs/bar-signs,https://www.theglownique.com/,How it works,[],raw,True,200,,False,True
https://www.theglownique.com/business-signs/bar-signs,https://www.theglownique.com/,Design ideas,[],raw,True,200,,False,True
https://www.theglownique.com/business-signs/bar-signs,https://www.theglownique.com/,FAQ,[],raw,True,200,,False,True
https://www.theglownique.com/business-signs/bar-signs,https://www.theglownique.com/,About us,[],raw,True,200,,False,True
https://www.theglownique.com/business-signs/bar-signs,https://www.theglownique.com/,Case studies,[],raw,True,200,,False,True
https://www.theglownique.com/business-signs/bar-signs,https://www.theglownique.com/blog,Journal,[],raw,True,200,,False,True
https://www.theglownique.com/business-signs/bar-signs,https://www.theglownique.com/contact,Contact,[],raw,True,,,False,False
https://www.theglownique.com/business-signs/bar-signs,https://www.theglownique.com/shipping,Shipping & delivery,[],raw,True,,,False,False
https://www.theglownique.com/business-signs/bar-signs,https://www.theglownique.com/returns,Returns & warranty,[],raw,True,,,False,False
https://www.theglownique.com/business-signs/bar-signs,https://www.theglownique.com/accessibility,Accessibility,[],raw,True,,,False,False
https://www.theglownique.com/business-signs/bar-signs,https://www.theglownique.com/privacy,Privacy,[],raw,True,,,False,False
https://www.theglownique.com/business-signs/bar-signs,https://www.theglownique.com/privacy,Privacy,[],raw,True,,,False,False
https://www.theglownique.com/business-signs/bar-signs,https://www.theglownique.com/terms,Terms,[],raw,True,,,False,False
https://www.theglownique.com/business-signs/bar-signs,https://www.theglownique.com/accessibility,Accessibility,[],raw,True,,,False,False
https://www.theglownique.com/business-signs/open-signs,https://www.theglownique.com/business-signs/open-signs,Skip to content,[],raw,True,200,,False,True
https://www.theglownique.com/business-signs/open-signs,https://www.theglownique.com/,THE GLOWNIQUE,[],raw,True,200,,False,True
https://www.theglownique.com/business-signs/open-signs,https://www.theglownique.com/,Home,[],raw,True,200,,False,True
https://www.theglownique.com/business-signs/open-signs,https://www.theglownique.com/products/custom-neon-signs,Neon Sign,[],raw,True,,,False,False
https://www.theglownique.com/business-signs/open-signs,https://www.theglownique.com/products/3d-metal-neon-signs,3D Metal Neon Sign,[],raw,True,,,False,False
https://www.theglownique.com/business-signs/open-signs,https://www.theglownique.com/products/ultra-thin-lightbox,Ultra Thin Lightbox,[],raw,True,,,False,False
https://www.theglownique.com/business-signs/open-signs,https://www.theglownique.com/products/uv-print-acrylic-signs,3D Acrylic Neon Sign,[],raw,True,,,False,False
https://www.theglownique.com/business-signs/open-signs,https://www.theglownique.com/blog,Journal,[],raw,True,200,,False,True
https://www.theglownique.com/business-signs/open-signs,https://www.theglownique.com/contact,Contact,[],raw,True,,,False,False
https://www.theglownique.com/business-signs/open-signs,https://wa.me/12897963492?text=Hi%20The%20Glownique!%20I'd%20like%20a%20free%20quote%20and%20mockup%20for%20a%20custom%20neon%20open%20sign.%20Here's%20my%20idea%3A%20,Get a free quote,"[""noopener"", ""noreferrer""]",raw,False,,,False,False
https://www.theglownique.com/business-signs/open-signs,https://www.theglownique.com/,Home,[],raw,True,200,,False,True
https://www.theglownique.com/business-signs/open-signs,https://www.theglownique.com/business-signs,Business Signs,[],raw,True,200,,False,True
https://www.theglownique.com/business-signs/open-signs,https://wa.me/12897963492?text=Hi%20The%20Glownique!%20I'd%20like%20a%20free%20quote%20and%20mockup%20for%20a%20custom%20neon%20open%20sign.%20Here's%20my%20idea%3A%20,Get an Open Sign Quote,"[""noopener"", ""noreferrer""]",raw,False,,,False,False
https://www.theglownique.com/business-signs/open-signs,https://www.theglownique.com/business-signs,All Business Signs →,[],raw,True,200,,False,True
https://www.theglownique.com/business-signs/open-signs,https://www.theglownique.com/business-signs/custom-logo-neon-signs,"LED Neon Signs → The classic open sign, in your own typeface and colours rather than the same stock unit as every other shop on the street.",[],raw,True,200,,False,True
https://www.theglownique.com/business-signs/open-signs,https://www.theglownique.com/business-signs/lightbox-signs,"Ultra-Thin Lightbox Signs → Edge-lit panels that stay readable in a south-facing window, and let you change the message without changing the sign.",[],raw,True,200,,False,True
https://www.theglownique.com/business-signs/open-signs,https://www.theglownique.com/business-signs/acrylic-logo-signs,"UV-Print Acrylic Signs → Trading hours, delivery partners and service messaging alongside the open sign itself.",[],raw,True,200,,False,True
https://www.theglownique.com/business-signs/open-signs,https://wa.me/12897963492?text=Hi%20The%20Glownique!%20I'd%20like%20a%20free%20quote%20and%20mockup%20for%20a%20custom%20neon%20open%20sign.%20Here's%20my%20idea%3A%20,Get an Open Sign Quote,"[""noopener"", ""noreferrer""]",raw,False,,,False,False
https://www.theglownique.com/business-signs/open-signs,https://www.theglownique.com/guides,Read the Buying Guides →,[],raw,True,200,,False,True
https://www.theglownique.com/business-signs/open-signs,https://wa.me/12897963492?text=Hi%20The%20Glownique!%20I'd%20like%20a%20free%20quote%20and%20mockup%20for%20a%20Your%20Custom%20Name%20Sign.%20Here's%20my%20idea%3A%20,Start your design,"[""noopener"", ""noreferrer""]",raw,False,,,False,False
https://www.theglownique.com/business-signs/open-signs,https://www.theglownique.com/,THE GLOWNIQUE,[],raw,True,200,,False,True
https://www.theglownique.com/business-signs/open-signs,https://wa.me/12897963492?text=Hi%20The%20Glownique!%20I'd%20like%20a%20free%20quote%20and%20mockup%20for%20a%20custom%20sign.%20Here's%20my%20idea%3A%20,WhatsApp: +1 (289) 796-3492,"[""noopener"", ""noreferrer""]",raw,False,,,False,False
https://www.theglownique.com/business-signs/open-signs,https://www.instagram.com/theglownique/,,"[""noopener""]",raw,False,,,False,False
https://www.theglownique.com/business-signs/open-signs,https://www.facebook.com/people/TheGlownique/61578567176081/,,"[""noopener""]",raw,False,,,False,False
https://www.theglownique.com/business-signs/open-signs,https://www.etsy.com/listing/1878290703/custom-neon-sign-led-light-for-wedding,,"[""noopener""]",raw,False,,,False,False
https://www.theglownique.com/business-signs/open-signs,https://www.theglownique.com/products/custom-neon-signs,Custom neon signs,[],raw,True,,,False,False
https://www.theglownique.com/business-signs/open-signs,https://www.theglownique.com/products/3d-metal-neon-signs,3D metal signs,[],raw,True,,,False,False
https://www.theglownique.com/business-signs/open-signs,https://www.theglownique.com/products/ultra-thin-lightbox,Ultra thin lightbox,[],raw,True,,,False,False
https://www.theglownique.com/business-signs/open-signs,https://www.theglownique.com/products/uv-print-acrylic-signs,UV-print acrylic,[],raw,True,,,False,False
https://www.theglownique.com/business-signs/open-signs,https://www.theglownique.com/,Create your own,[],raw,True,200,,False,True
https://www.theglownique.com/business-signs/open-signs,https://www.theglownique.com/,How it works,[],raw,True,200,,False,True
https://www.theglownique.com/business-signs/open-signs,https://www.theglownique.com/,Design ideas,[],raw,True,200,,False,True
https://www.theglownique.com/business-signs/open-signs,https://www.theglownique.com/,FAQ,[],raw,True,200,,False,True
https://www.theglownique.com/business-signs/open-signs,https://www.theglownique.com/,About us,[],raw,True,200,,False,True
https://www.theglownique.com/business-signs/open-signs,https://www.theglownique.com/,Case studies,[],raw,True,200,,False,True
https://www.theglownique.com/business-signs/open-signs,https://www.theglownique.com/blog,Journal,[],raw,True,200,,False,True
https://www.theglownique.com/business-signs/open-signs,https://www.theglownique.com/contact,Contact,[],raw,True,,,False,False
https://www.theglownique.com/business-signs/open-signs,https://www.theglownique.com/shipping,Shipping & delivery,[],raw,True,,,False,False
https://www.theglownique.com/business-signs/open-signs,https://www.theglownique.com/returns,Returns & warranty,[],raw,True,,,False,False
https://www.theglownique.com/business-signs/open-signs,https://www.theglownique.com/accessibility,Accessibility,[],raw,True,,,False,False
https://www.theglownique.com/business-signs/open-signs,https://www.theglownique.com/privacy,Privacy,[],raw,True,,,False,False
https://www.theglownique.com/business-signs/open-signs,https://www.theglownique.com/privacy,Privacy,[],raw,True,,,False,False
https://www.theglownique.com/business-signs/open-signs,https://www.theglownique.com/terms,Terms,[],raw,True,,,False,False
https://www.theglownique.com/business-signs/open-signs,https://www.theglownique.com/accessibility,Accessibility,[],raw,True,,,False,False
https://www.theglownique.com/business-signs/restaurant-signs,https://www.theglownique.com/business-signs/restaurant-signs,Skip to content,[],raw,True,200,,False,True
https://www.theglownique.com/business-signs/restaurant-signs,https://www.theglownique.com/,THE GLOWNIQUE,[],raw,True,200,,False,True
https://www.theglownique.com/business-signs/restaurant-signs,https://www.theglownique.com/,Home,[],raw,True,200,,False,True
https://www.theglownique.com/business-signs/restaurant-signs,https://www.theglownique.com/products/custom-neon-signs,Neon Sign,[],raw,True,,,False,False
https://www.theglownique.com/business-signs/restaurant-signs,https://www.theglownique.com/products/3d-metal-neon-signs,3D Metal Neon Sign,[],raw,True,,,False,False
https://www.theglownique.com/business-signs/restaurant-signs,https://www.theglownique.com/products/ultra-thin-lightbox,Ultra Thin Lightbox,[],raw,True,,,False,False
https://www.theglownique.com/business-signs/restaurant-signs,https://www.theglownique.com/products/uv-print-acrylic-signs,3D Acrylic Neon Sign,[],raw,True,,,False,False
https://www.theglownique.com/business-signs/restaurant-signs,https://www.theglownique.com/blog,Journal,[],raw,True,200,,False,True
https://www.theglownique.com/business-signs/restaurant-signs,https://www.theglownique.com/contact,Contact,[],raw,True,,,False,False
https://www.theglownique.com/business-signs/restaurant-signs,https://wa.me/12897963492?text=Hi%20The%20Glownique!%20I'd%20like%20a%20free%20quote%20and%20mockup%20for%20a%20custom%20restaurant%20sign.%20Here's%20my%20idea%3A%20,Get a free quote,"[""noopener"", ""noreferrer""]",raw,False,,,False,False
https://www.theglownique.com/business-signs/restaurant-signs,https://www.theglownique.com/,Home,[],raw,True,200,,False,True
https://www.theglownique.com/business-signs/restaurant-signs,https://www.theglownique.com/business-signs,Business Signs,[],raw,True,200,,False,True
https://www.theglownique.com/business-signs/restaurant-signs,https://wa.me/12897963492?text=Hi%20The%20Glownique!%20I'd%20like%20a%20free%20quote%20and%20mockup%20for%20a%20custom%20restaurant%20sign.%20Here's%20my%20idea%3A%20,Get a Restaurant Sign Quote,"[""noopener"", ""noreferrer""]",raw,False,,,False,False
https://www.theglownique.com/business-signs/restaurant-signs,https://www.theglownique.com/business-signs,All Business Signs →,[],raw,True,200,,False,True
https://www.theglownique.com/business-signs/restaurant-signs,https://www.theglownique.com/business-signs/channel-letter-signs,"3D Metal Channel Letters → The restaurant name on the façade. Fabricated metal in frontlit, halo or dual-lit, and IP67-rated for outdoor mounting.",[],raw,True,200,,False,True
https://www.theglownique.com/business-signs/restaurant-signs,https://www.theglownique.com/business-signs/lightbox-signs,Ultra-Thin Lightbox Signs → Backlit menu boards and specials panels where the graphic changes with the season and the sign does not.,[],raw,True,200,,False,True
https://www.theglownique.com/business-signs/restaurant-signs,https://www.theglownique.com/business-signs/custom-logo-neon-signs,"LED Neon Signs → Interior warmth — the slogan wall, the pass, the piece guests photograph and tag the venue in.",[],raw,True,200,,False,True
https://www.theglownique.com/business-signs/restaurant-signs,https://www.theglownique.com/business-signs/acrylic-logo-signs,"UV-Print Acrylic Signs → Full-colour menu panels, allergen boards and layered brand marks for the entrance and waiting area.",[],raw,True,200,,False,True
https://www.theglownique.com/business-signs/restaurant-signs,https://wa.me/12897963492?text=Hi%20The%20Glownique!%20I'd%20like%20a%20free%20quote%20and%20mockup%20for%20a%20custom%20restaurant%20sign.%20Here's%20my%20idea%3A%20,Get a Restaurant Sign Quote,"[""noopener"", ""noreferrer""]",raw,False,,,False,False
https://www.theglownique.com/business-signs/restaurant-signs,https://www.theglownique.com/guides,Read the Buying Guides →,[],raw,True,200,,False,True
https://www.theglownique.com/business-signs/restaurant-signs,https://wa.me/12897963492?text=Hi%20The%20Glownique!%20I'd%20like%20a%20free%20quote%20and%20mockup%20for%20a%20Your%20Custom%20Name%20Sign.%20Here's%20my%20idea%3A%20,Start your design,"[""noopener"", ""noreferrer""]",raw,False,,,False,False
https://www.theglownique.com/business-signs/restaurant-signs,https://www.theglownique.com/,THE GLOWNIQUE,[],raw,True,200,,False,True
https://www.theglownique.com/business-signs/restaurant-signs,https://wa.me/12897963492?text=Hi%20The%20Glownique!%20I'd%20like%20a%20free%20quote%20and%20mockup%20for%20a%20custom%20sign.%20Here's%20my%20idea%3A%20,WhatsApp: +1 (289) 796-3492,"[""noopener"", ""noreferrer""]",raw,False,,,False,False
https://www.theglownique.com/business-signs/restaurant-signs,https://www.instagram.com/theglownique/,,"[""noopener""]",raw,False,,,False,False
https://www.theglownique.com/business-signs/restaurant-signs,https://www.facebook.com/people/TheGlownique/61578567176081/,,"[""noopener""]",raw,False,,,False,False
https://www.theglownique.com/business-signs/restaurant-signs,https://www.etsy.com/listing/1878290703/custom-neon-sign-led-light-for-wedding,,"[""noopener""]",raw,False,,,False,False
https://www.theglownique.com/business-signs/restaurant-signs,https://www.theglownique.com/products/custom-neon-signs,Custom neon signs,[],raw,True,,,False,False
https://www.theglownique.com/business-signs/restaurant-signs,https://www.theglownique.com/products/3d-metal-neon-signs,3D metal signs,[],raw,True,,,False,False
https://www.theglownique.com/business-signs/restaurant-signs,https://www.theglownique.com/products/ultra-thin-lightbox,Ultra thin lightbox,[],raw,True,,,False,False
https://www.theglownique.com/business-signs/restaurant-signs,https://www.theglownique.com/products/uv-print-acrylic-signs,UV-print acrylic,[],raw,True,,,False,False
https://www.theglownique.com/business-signs/restaurant-signs,https://www.theglownique.com/,Create your own,[],raw,True,200,,False,True
https://www.theglownique.com/business-signs/restaurant-signs,https://www.theglownique.com/,How it works,[],raw,True,200,,False,True
https://www.theglownique.com/business-signs/restaurant-signs,https://www.theglownique.com/,Design ideas,[],raw,True,200,,False,True
https://www.theglownique.com/business-signs/restaurant-signs,https://www.theglownique.com/,FAQ,[],raw,True,200,,False,True
https://www.theglownique.com/business-signs/restaurant-signs,https://www.theglownique.com/,About us,[],raw,True,200,,False,True
https://www.theglownique.com/business-signs/restaurant-signs,https://www.theglownique.com/,Case studies,[],raw,True,200,,False,True
https://www.theglownique.com/business-signs/restaurant-signs,https://www.theglownique.com/blog,Journal,[],raw,True,200,,False,True
https://www.theglownique.com/business-signs/restaurant-signs,https://www.theglownique.com/contact,Contact,[],raw,True,,,False,False
https://www.theglownique.com/business-signs/restaurant-signs,https://www.theglownique.com/shipping,Shipping & delivery,[],raw,True,,,False,False
https://www.theglownique.com/business-signs/restaurant-signs,https://www.theglownique.com/returns,Returns & warranty,[],raw,True,,,False,False
https://www.theglownique.com/business-signs/restaurant-signs,https://www.theglownique.com/accessibility,Accessibility,[],raw,True,,,False,False
https://www.theglownique.com/business-signs/restaurant-signs,https://www.theglownique.com/privacy,Privacy,[],raw,True,,,False,False
https://www.theglownique.com/business-signs/restaurant-signs,https://www.theglownique.com/privacy,Privacy,[],raw,True,,,False,False
https://www.theglownique.com/business-signs/restaurant-signs,https://www.theglownique.com/terms,Terms,[],raw,True,,,False,False
https://www.theglownique.com/business-signs/restaurant-signs,https://www.theglownique.com/accessibility,Accessibility,[],raw,True,,,False,False
https://www.theglownique.com/business-signs/office-signs,https://www.theglownique.com/business-signs/office-signs,Skip to content,[],raw,True,200,,False,True
https://www.theglownique.com/business-signs/office-signs,https://www.theglownique.com/,THE GLOWNIQUE,[],raw,True,200,,False,True
https://www.theglownique.com/business-signs/office-signs,https://www.theglownique.com/,Home,[],raw,True,200,,False,True
https://www.theglownique.com/business-signs/office-signs,https://www.theglownique.com/products/custom-neon-signs,Neon Sign,[],raw,True,,,False,False
https://www.theglownique.com/business-signs/office-signs,https://www.theglownique.com/products/3d-metal-neon-signs,3D Metal Neon Sign,[],raw,True,,,False,False
https://www.theglownique.com/business-signs/office-signs,https://www.theglownique.com/products/ultra-thin-lightbox,Ultra Thin Lightbox,[],raw,True,,,False,False
https://www.theglownique.com/business-signs/office-signs,https://www.theglownique.com/products/uv-print-acrylic-signs,3D Acrylic Neon Sign,[],raw,True,,,False,False
https://www.theglownique.com/business-signs/office-signs,https://www.theglownique.com/blog,Journal,[],raw,True,200,,False,True
https://www.theglownique.com/business-signs/office-signs,https://www.theglownique.com/contact,Contact,[],raw,True,,,False,False
https://www.theglownique.com/business-signs/office-signs,https://wa.me/12897963492?text=Hi%20The%20Glownique!%20I'd%20like%20a%20free%20quote%20and%20mockup%20for%20a%20custom%20office%20reception%20sign.%20Here's%20my%20idea%3A%20,Get a free quote,"[""noopener"", ""noreferrer""]",raw,False,,,False,False
https://www.theglownique.com/business-signs/office-signs,https://www.theglownique.com/,Home,[],raw,True,200,,False,True
https://www.theglownique.com/business-signs/office-signs,https://www.theglownique.com/business-signs,Business Signs,[],raw,True,200,,False,True
https://www.theglownique.com/business-signs/office-signs,https://wa.me/12897963492?text=Hi%20The%20Glownique!%20I'd%20like%20a%20free%20quote%20and%20mockup%20for%20a%20custom%20office%20reception%20sign.%20Here's%20my%20idea%3A%20,Get an Office Sign Quote,"[""noopener"", ""noreferrer""]",raw,False,,,False,False
https://www.theglownique.com/business-signs/office-signs,https://www.theglownique.com/business-signs,All Business Signs →,[],raw,True,200,,False,True
https://www.theglownique.com/business-signs/office-signs,https://www.theglownique.com/business-signs/channel-letter-signs,"3D Metal Channel Letters → The reception standard. Fabricated metal letters, halo-lit so the wall glows and the lettering reads as solid.",[],raw,True,200,,False,True
https://www.theglownique.com/business-signs/office-signs,https://www.theglownique.com/business-signs/acrylic-logo-signs,UV-Print Acrylic Signs → Full-colour logos on layered acrylic with standoffs — the right answer when the mark is not reducible to letterforms.,[],raw,True,200,,False,True
https://www.theglownique.com/business-signs/office-signs,https://www.theglownique.com/business-signs/lightbox-signs,"Ultra-Thin Lightbox Signs → Directories, wayfinding and partner walls where the content changes as the tenancy does.",[],raw,True,200,,False,True
https://www.theglownique.com/business-signs/office-signs,https://www.theglownique.com/business-signs/custom-logo-neon-signs,"LED Neon Signs → Breakout spaces, studio walls and the parts of an office that are allowed to have a personality.",[],raw,True,200,,False,True
https://www.theglownique.com/business-signs/office-signs,https://wa.me/12897963492?text=Hi%20The%20Glownique!%20I'd%20like%20a%20free%20quote%20and%20mockup%20for%20a%20custom%20office%20reception%20sign.%20Here's%20my%20idea%3A%20,Get an Office Sign Quote,"[""noopener"", ""noreferrer""]",raw,False,,,False,False
https://www.theglownique.com/business-signs/office-signs,https://www.theglownique.com/guides,Read the Buying Guides →,[],raw,True,200,,False,True
https://www.theglownique.com/business-signs/office-signs,https://wa.me/12897963492?text=Hi%20The%20Glownique!%20I'd%20like%20a%20free%20quote%20and%20mockup%20for%20a%20Your%20Custom%20Name%20Sign.%20Here's%20my%20idea%3A%20,Start your design,"[""noopener"", ""noreferrer""]",raw,False,,,False,False
https://www.theglownique.com/business-signs/office-signs,https://www.theglownique.com/,THE GLOWNIQUE,[],raw,True,200,,False,True
https://www.theglownique.com/business-signs/office-signs,https://wa.me/12897963492?text=Hi%20The%20Glownique!%20I'd%20like%20a%20free%20quote%20and%20mockup%20for%20a%20custom%20sign.%20Here's%20my%20idea%3A%20,WhatsApp: +1 (289) 796-3492,"[""noopener"", ""noreferrer""]",raw,False,,,False,False
https://www.theglownique.com/business-signs/office-signs,https://www.instagram.com/theglownique/,,"[""noopener""]",raw,False,,,False,False
https://www.theglownique.com/business-signs/office-signs,https://www.facebook.com/people/TheGlownique/61578567176081/,,"[""noopener""]",raw,False,,,False,False
https://www.theglownique.com/business-signs/office-signs,https://www.etsy.com/listing/1878290703/custom-neon-sign-led-light-for-wedding,,"[""noopener""]",raw,False,,,False,False
https://www.theglownique.com/business-signs/office-signs,https://www.theglownique.com/products/custom-neon-signs,Custom neon signs,[],raw,True,,,False,False
https://www.theglownique.com/business-signs/office-signs,https://www.theglownique.com/products/3d-metal-neon-signs,3D metal signs,[],raw,True,,,False,False
https://www.theglownique.com/business-signs/office-signs,https://www.theglownique.com/products/ultra-thin-lightbox,Ultra thin lightbox,[],raw,True,,,False,False
https://www.theglownique.com/business-signs/office-signs,https://www.theglownique.com/products/uv-print-acrylic-signs,UV-print acrylic,[],raw,True,,,False,False
https://www.theglownique.com/business-signs/office-signs,https://www.theglownique.com/,Create your own,[],raw,True,200,,False,True
https://www.theglownique.com/business-signs/office-signs,https://www.theglownique.com/,How it works,[],raw,True,200,,False,True
https://www.theglownique.com/business-signs/office-signs,https://www.theglownique.com/,Design ideas,[],raw,True,200,,False,True
https://www.theglownique.com/business-signs/office-signs,https://www.theglownique.com/,FAQ,[],raw,True,200,,False,True
https://www.theglownique.com/business-signs/office-signs,https://www.theglownique.com/,About us,[],raw,True,200,,False,True
https://www.theglownique.com/business-signs/office-signs,https://www.theglownique.com/,Case studies,[],raw,True,200,,False,True
https://www.theglownique.com/business-signs/office-signs,https://www.theglownique.com/blog,Journal,[],raw,True,200,,False,True
https://www.theglownique.com/business-signs/office-signs,https://www.theglownique.com/contact,Contact,[],raw,True,,,False,False
https://www.theglownique.com/business-signs/office-signs,https://www.theglownique.com/shipping,Shipping & delivery,[],raw,True,,,False,False
https://www.theglownique.com/business-signs/office-signs,https://www.theglownique.com/returns,Returns & warranty,[],raw,True,,,False,False
https://www.theglownique.com/business-signs/office-signs,https://www.theglownique.com/accessibility,Accessibility,[],raw,True,,,False,False
https://www.theglownique.com/business-signs/office-signs,https://www.theglownique.com/privacy,Privacy,[],raw,True,,,False,False
https://www.theglownique.com/business-signs/office-signs,https://www.theglownique.com/privacy,Privacy,[],raw,True,,,False,False
https://www.theglownique.com/business-signs/office-signs,https://www.theglownique.com/terms,Terms,[],raw,True,,,False,False
https://www.theglownique.com/business-signs/office-signs,https://www.theglownique.com/accessibility,Accessibility,[],raw,True,,,False,False
https://www.theglownique.com/business-signs/salon-spa-signs,https://www.theglownique.com/business-signs/salon-spa-signs,Skip to content,[],raw,True,200,,False,True
https://www.theglownique.com/business-signs/salon-spa-signs,https://www.theglownique.com/,THE GLOWNIQUE,[],raw,True,200,,False,True
https://www.theglownique.com/business-signs/salon-spa-signs,https://www.theglownique.com/,Home,[],raw,True,200,,False,True
https://www.theglownique.com/business-signs/salon-spa-signs,https://www.theglownique.com/products/custom-neon-signs,Neon Sign,[],raw,True,,,False,False
https://www.theglownique.com/business-signs/salon-spa-signs,https://www.theglownique.com/products/3d-metal-neon-signs,3D Metal Neon Sign,[],raw,True,,,False,False
https://www.theglownique.com/business-signs/salon-spa-signs,https://www.theglownique.com/products/ultra-thin-lightbox,Ultra Thin Lightbox,[],raw,True,,,False,False
https://www.theglownique.com/business-signs/salon-spa-signs,https://www.theglownique.com/products/uv-print-acrylic-signs,3D Acrylic Neon Sign,[],raw,True,,,False,False
https://www.theglownique.com/business-signs/salon-spa-signs,https://www.theglownique.com/blog,Journal,[],raw,True,200,,False,True
https://www.theglownique.com/business-signs/salon-spa-signs,https://www.theglownique.com/contact,Contact,[],raw,True,,,False,False
https://www.theglownique.com/business-signs/salon-spa-signs,https://wa.me/12897963492?text=Hi%20The%20Glownique!%20I'd%20like%20a%20free%20quote%20and%20mockup%20for%20a%20custom%20salon%20neon%20sign.%20Here's%20my%20idea%3A%20,Get a free quote,"[""noopener"", ""noreferrer""]",raw,False,,,False,False
https://www.theglownique.com/business-signs/salon-spa-signs,https://www.theglownique.com/,Home,[],raw,True,200,,False,True
https://www.theglownique.com/business-signs/salon-spa-signs,https://www.theglownique.com/business-signs,Business Signs,[],raw,True,200,,False,True
https://www.theglownique.com/business-signs/salon-spa-signs,https://wa.me/12897963492?text=Hi%20The%20Glownique!%20I'd%20like%20a%20free%20quote%20and%20mockup%20for%20a%20custom%20salon%20neon%20sign.%20Here's%20my%20idea%3A%20,Get a Salon Sign Quote,"[""noopener"", ""noreferrer""]",raw,False,,,False,False
https://www.theglownique.com/business-signs/salon-spa-signs,https://www.theglownique.com/business-signs,All Business Signs →,[],raw,True,200,,False,True
https://www.theglownique.com/business-signs/salon-spa-signs,https://www.theglownique.com/business-signs/custom-logo-neon-signs,"LED Neon Signs → The salon standard — warm, saturated colour that sits behind a mirror wall and photographs the way clients expect.",[],raw,True,200,,False,True
https://www.theglownique.com/business-signs/salon-spa-signs,https://www.theglownique.com/business-signs/acrylic-logo-signs,UV-Print Acrylic Signs → Layered acrylic reception marks and price boards where the logo is full-colour rather than lettering.,[],raw,True,200,,False,True
https://www.theglownique.com/business-signs/salon-spa-signs,https://www.theglownique.com/business-signs/channel-letter-signs,"3D Metal Channel Letters → Exterior studio name and street frontage, IP67-rated for outdoor mounting.",[],raw,True,200,,False,True
https://www.theglownique.com/business-signs/salon-spa-signs,https://wa.me/12897963492?text=Hi%20The%20Glownique!%20I'd%20like%20a%20free%20quote%20and%20mockup%20for%20a%20custom%20salon%20neon%20sign.%20Here's%20my%20idea%3A%20,Get a Salon Sign Quote,"[""noopener"", ""noreferrer""]",raw,False,,,False,False
https://www.theglownique.com/business-signs/salon-spa-signs,https://www.theglownique.com/guides,Read the Buying Guides →,[],raw,True,200,,False,True
https://www.theglownique.com/business-signs/salon-spa-signs,https://wa.me/12897963492?text=Hi%20The%20Glownique!%20I'd%20like%20a%20free%20quote%20and%20mockup%20for%20a%20Your%20Custom%20Name%20Sign.%20Here's%20my%20idea%3A%20,Start your design,"[""noopener"", ""noreferrer""]",raw,False,,,False,False
https://www.theglownique.com/business-signs/salon-spa-signs,https://www.theglownique.com/,THE GLOWNIQUE,[],raw,True,200,,False,True
https://www.theglownique.com/business-signs/salon-spa-signs,https://wa.me/12897963492?text=Hi%20The%20Glownique!%20I'd%20like%20a%20free%20quote%20and%20mockup%20for%20a%20custom%20sign.%20Here's%20my%20idea%3A%20,WhatsApp: +1 (289) 796-3492,"[""noopener"", ""noreferrer""]",raw,False,,,False,False
https://www.theglownique.com/business-signs/salon-spa-signs,https://www.instagram.com/theglownique/,,"[""noopener""]",raw,False,,,False,False
https://www.theglownique.com/business-signs/salon-spa-signs,https://www.facebook.com/people/TheGlownique/61578567176081/,,"[""noopener""]",raw,False,,,False,False
https://www.theglownique.com/business-signs/salon-spa-signs,https://www.etsy.com/listing/1878290703/custom-neon-sign-led-light-for-wedding,,"[""noopener""]",raw,False,,,False,False
https://www.theglownique.com/business-signs/salon-spa-signs,https://www.theglownique.com/products/custom-neon-signs,Custom neon signs,[],raw,True,,,False,False
https://www.theglownique.com/business-signs/salon-spa-signs,https://www.theglownique.com/products/3d-metal-neon-signs,3D metal signs,[],raw,True,,,False,False
https://www.theglownique.com/business-signs/salon-spa-signs,https://www.theglownique.com/products/ultra-thin-lightbox,Ultra thin lightbox,[],raw,True,,,False,False
https://www.theglownique.com/business-signs/salon-spa-signs,https://www.theglownique.com/products/uv-print-acrylic-signs,UV-print acrylic,[],raw,True,,,False,False
https://www.theglownique.com/business-signs/salon-spa-signs,https://www.theglownique.com/,Create your own,[],raw,True,200,,False,True
https://www.theglownique.com/business-signs/salon-spa-signs,https://www.theglownique.com/,How it works,[],raw,True,200,,False,True
https://www.theglownique.com/business-signs/salon-spa-signs,https://www.theglownique.com/,Design ideas,[],raw,True,200,,False,True
https://www.theglownique.com/business-signs/salon-spa-signs,https://www.theglownique.com/,FAQ,[],raw,True,200,,False,True
https://www.theglownique.com/business-signs/salon-spa-signs,https://www.theglownique.com/,About us,[],raw,True,200,,False,True
https://www.theglownique.com/business-signs/salon-spa-signs,https://www.theglownique.com/,Case studies,[],raw,True,200,,False,True
https://www.theglownique.com/business-signs/salon-spa-signs,https://www.theglownique.com/blog,Journal,[],raw,True,200,,False,True
https://www.theglownique.com/business-signs/salon-spa-signs,https://www.theglownique.com/contact,Contact,[],raw,True,,,False,False
https://www.theglownique.com/business-signs/salon-spa-signs,https://www.theglownique.com/shipping,Shipping & delivery,[],raw,True,,,False,False
https://www.theglownique.com/business-signs/salon-spa-signs,https://www.theglownique.com/returns,Returns & warranty,[],raw,True,,,False,False
https://www.theglownique.com/business-signs/salon-spa-signs,https://www.theglownique.com/accessibility,Accessibility,[],raw,True,,,False,False
https://www.theglownique.com/business-signs/salon-spa-signs,https://www.theglownique.com/privacy,Privacy,[],raw,True,,,False,False
https://www.theglownique.com/business-signs/salon-spa-signs,https://www.theglownique.com/privacy,Privacy,[],raw,True,,,False,False
https://www.theglownique.com/business-signs/salon-spa-signs,https://www.theglownique.com/terms,Terms,[],raw,True,,,False,False
https://www.theglownique.com/business-signs/salon-spa-signs,https://www.theglownique.com/accessibility,Accessibility,[],raw,True,,,False,False
https://www.theglownique.com/business-signs/retail-storefronts,https://www.theglownique.com/business-signs/retail-storefronts,Skip to content,[],raw,True,200,,False,True
https://www.theglownique.com/business-signs/retail-storefronts,https://www.theglownique.com/,THE GLOWNIQUE,[],raw,True,200,,False,True
https://www.theglownique.com/business-signs/retail-storefronts,https://www.theglownique.com/,Home,[],raw,True,200,,False,True
https://www.theglownique.com/business-signs/retail-storefronts,https://www.theglownique.com/products/custom-neon-signs,Neon Sign,[],raw,True,,,False,False
https://www.theglownique.com/business-signs/retail-storefronts,https://www.theglownique.com/products/3d-metal-neon-signs,3D Metal Neon Sign,[],raw,True,,,False,False
https://www.theglownique.com/business-signs/retail-storefronts,https://www.theglownique.com/products/ultra-thin-lightbox,Ultra Thin Lightbox,[],raw,True,,,False,False
https://www.theglownique.com/business-signs/retail-storefronts,https://www.theglownique.com/products/uv-print-acrylic-signs,3D Acrylic Neon Sign,[],raw,True,,,False,False
https://www.theglownique.com/business-signs/retail-storefronts,https://www.theglownique.com/blog,Journal,[],raw,True,200,,False,True
https://www.theglownique.com/business-signs/retail-storefronts,https://www.theglownique.com/contact,Contact,[],raw,True,,,False,False
https://www.theglownique.com/business-signs/retail-storefronts,https://wa.me/12897963492?text=Hi%20The%20Glownique!%20I'd%20like%20a%20free%20quote%20and%20mockup%20for%20a%20custom%20retail%20storefront%20sign.%20Here's%20my%20idea%3A%20,Get a free quote,"[""noopener"", ""noreferrer""]",raw,False,,,False,False
https://www.theglownique.com/business-signs/retail-storefronts,https://www.theglownique.com/,Home,[],raw,True,200,,False,True
https://www.theglownique.com/business-signs/retail-storefronts,https://www.theglownique.com/business-signs,Business Signs,[],raw,True,200,,False,True
https://www.theglownique.com/business-signs/retail-storefronts,https://wa.me/12897963492?text=Hi%20The%20Glownique!%20I'd%20like%20a%20free%20quote%20and%20mockup%20for%20a%20custom%20retail%20storefront%20sign.%20Here's%20my%20idea%3A%20,Get a Storefront Sign Quote,"[""noopener"", ""noreferrer""]",raw,False,,,False,False
https://www.theglownique.com/business-signs/retail-storefronts,https://www.theglownique.com/business-signs,All Business Signs →,[],raw,True,200,,False,True
https://www.theglownique.com/business-signs/retail-storefronts,https://www.theglownique.com/business-signs/channel-letter-signs,"3D Metal Channel Letters → The façade standard. Frontlit, halo or dual-lit fabricated metal, IP67-rated for exterior mounting.",[],raw,True,200,,False,True
https://www.theglownique.com/business-signs/retail-storefronts,https://www.theglownique.com/business-signs/lightbox-signs,Ultra-Thin Lightbox Signs → Window and fascia panels for promotional messaging that changes more often than the shopfront does.,[],raw,True,200,,False,True
https://www.theglownique.com/business-signs/retail-storefronts,https://www.theglownique.com/business-signs/custom-logo-neon-signs,LED Neon Signs → Window pieces and interior branding that pull attention from the pavement after dark.,[],raw,True,200,,False,True
https://www.theglownique.com/business-signs/retail-storefronts,https://www.theglownique.com/business-signs/acrylic-logo-signs,"UV-Print Acrylic Signs → Full-colour brand marks, hours panels and entrance signage.",[],raw,True,200,,False,True
https://www.theglownique.com/business-signs/retail-storefronts,https://wa.me/12897963492?text=Hi%20The%20Glownique!%20I'd%20like%20a%20free%20quote%20and%20mockup%20for%20a%20custom%20retail%20storefront%20sign.%20Here's%20my%20idea%3A%20,Get a Storefront Sign Quote,"[""noopener"", ""noreferrer""]",raw,False,,,False,False
https://www.theglownique.com/business-signs/retail-storefronts,https://www.theglownique.com/guides,Read the Buying Guides →,[],raw,True,200,,False,True
https://www.theglownique.com/business-signs/retail-storefronts,https://wa.me/12897963492?text=Hi%20The%20Glownique!%20I'd%20like%20a%20free%20quote%20and%20mockup%20for%20a%20Your%20Custom%20Name%20Sign.%20Here's%20my%20idea%3A%20,Start your design,"[""noopener"", ""noreferrer""]",raw,False,,,False,False
https://www.theglownique.com/business-signs/retail-storefronts,https://www.theglownique.com/,THE GLOWNIQUE,[],raw,True,200,,False,True
https://www.theglownique.com/business-signs/retail-storefronts,https://wa.me/12897963492?text=Hi%20The%20Glownique!%20I'd%20like%20a%20free%20quote%20and%20mockup%20for%20a%20custom%20sign.%20Here's%20my%20idea%3A%20,WhatsApp: +1 (289) 796-3492,"[""noopener"", ""noreferrer""]",raw,False,,,False,False
https://www.theglownique.com/business-signs/retail-storefronts,https://www.instagram.com/theglownique/,,"[""noopener""]",raw,False,,,False,False
https://www.theglownique.com/business-signs/retail-storefronts,https://www.facebook.com/people/TheGlownique/61578567176081/,,"[""noopener""]",raw,False,,,False,False
https://www.theglownique.com/business-signs/retail-storefronts,https://www.etsy.com/listing/1878290703/custom-neon-sign-led-light-for-wedding,,"[""noopener""]",raw,False,,,False,False
https://www.theglownique.com/business-signs/retail-storefronts,https://www.theglownique.com/products/custom-neon-signs,Custom neon signs,[],raw,True,,,False,False
https://www.theglownique.com/business-signs/retail-storefronts,https://www.theglownique.com/products/3d-metal-neon-signs,3D metal signs,[],raw,True,,,False,False
https://www.theglownique.com/business-signs/retail-storefronts,https://www.theglownique.com/products/ultra-thin-lightbox,Ultra thin lightbox,[],raw,True,,,False,False
https://www.theglownique.com/business-signs/retail-storefronts,https://www.theglownique.com/products/uv-print-acrylic-signs,UV-print acrylic,[],raw,True,,,False,False
https://www.theglownique.com/business-signs/retail-storefronts,https://www.theglownique.com/,Create your own,[],raw,True,200,,False,True
https://www.theglownique.com/business-signs/retail-storefronts,https://www.theglownique.com/,How it works,[],raw,True,200,,False,True
https://www.theglownique.com/business-signs/retail-storefronts,https://www.theglownique.com/,Design ideas,[],raw,True,200,,False,True
https://www.theglownique.com/business-signs/retail-storefronts,https://www.theglownique.com/,FAQ,[],raw,True,200,,False,True
https://www.theglownique.com/business-signs/retail-storefronts,https://www.theglownique.com/,About us,[],raw,True,200,,False,True
https://www.theglownique.com/business-signs/retail-storefronts,https://www.theglownique.com/,Case studies,[],raw,True,200,,False,True
https://www.theglownique.com/business-signs/retail-storefronts,https://www.theglownique.com/blog,Journal,[],raw,True,200,,False,True
https://www.theglownique.com/business-signs/retail-storefronts,https://www.theglownique.com/contact,Contact,[],raw,True,,,False,False
https://www.theglownique.com/business-signs/retail-storefronts,https://www.theglownique.com/shipping,Shipping & delivery,[],raw,True,,,False,False
https://www.theglownique.com/business-signs/retail-storefronts,https://www.theglownique.com/returns,Returns & warranty,[],raw,True,,,False,False
https://www.theglownique.com/business-signs/retail-storefronts,https://www.theglownique.com/accessibility,Accessibility,[],raw,True,,,False,False
https://www.theglownique.com/business-signs/retail-storefronts,https://www.theglownique.com/privacy,Privacy,[],raw,True,,,False,False
https://www.theglownique.com/business-signs/retail-storefronts,https://www.theglownique.com/privacy,Privacy,[],raw,True,,,False,False
https://www.theglownique.com/business-signs/retail-storefronts,https://www.theglownique.com/terms,Terms,[],raw,True,,,False,False
https://www.theglownique.com/business-signs/retail-storefronts,https://www.theglownique.com/accessibility,Accessibility,[],raw,True,,,False,False
https://www.theglownique.com/business-signs/trade-show-signs,https://www.theglownique.com/business-signs/trade-show-signs,Skip to content,[],raw,True,200,,False,True
https://www.theglownique.com/business-signs/trade-show-signs,https://www.theglownique.com/,THE GLOWNIQUE,[],raw,True,200,,False,True
https://www.theglownique.com/business-signs/trade-show-signs,https://www.theglownique.com/,Home,[],raw,True,200,,False,True
https://www.theglownique.com/business-signs/trade-show-signs,https://www.theglownique.com/products/custom-neon-signs,Neon Sign,[],raw,True,,,False,False
https://www.theglownique.com/business-signs/trade-show-signs,https://www.theglownique.com/products/3d-metal-neon-signs,3D Metal Neon Sign,[],raw,True,,,False,False
https://www.theglownique.com/business-signs/trade-show-signs,https://www.theglownique.com/products/ultra-thin-lightbox,Ultra Thin Lightbox,[],raw,True,,,False,False
https://www.theglownique.com/business-signs/trade-show-signs,https://www.theglownique.com/products/uv-print-acrylic-signs,3D Acrylic Neon Sign,[],raw,True,,,False,False
https://www.theglownique.com/business-signs/trade-show-signs,https://www.theglownique.com/blog,Journal,[],raw,True,200,,False,True
https://www.theglownique.com/business-signs/trade-show-signs,https://www.theglownique.com/contact,Contact,[],raw,True,,,False,False
https://www.theglownique.com/business-signs/trade-show-signs,https://wa.me/12897963492?text=Hi%20The%20Glownique!%20I'd%20like%20a%20free%20quote%20and%20mockup%20for%20a%20custom%20trade%20show%20booth%20sign.%20Here's%20my%20idea%3A%20,Get a free quote,"[""noopener"", ""noreferrer""]",raw,False,,,False,False
https://www.theglownique.com/business-signs/trade-show-signs,https://www.theglownique.com/,Home,[],raw,True,200,,False,True
https://www.theglownique.com/business-signs/trade-show-signs,https://www.theglownique.com/business-signs,Business Signs,[],raw,True,200,,False,True
https://www.theglownique.com/business-signs/trade-show-signs,https://wa.me/12897963492?text=Hi%20The%20Glownique!%20I'd%20like%20a%20free%20quote%20and%20mockup%20for%20a%20custom%20trade%20show%20booth%20sign.%20Here's%20my%20idea%3A%20,Get an Exhibition Sign Quote,"[""noopener"", ""noreferrer""]",raw,False,,,False,False
https://www.theglownique.com/business-signs/trade-show-signs,https://www.theglownique.com/business-signs,All Business Signs →,[],raw,True,200,,False,True
https://www.theglownique.com/business-signs/trade-show-signs,https://www.theglownique.com/business-signs/lightbox-signs,"Ultra-Thin Lightbox Signs → The exhibition workhorse. Slim, light, and the graphic changes between shows without rebuilding the sign.",[],raw,True,200,,False,True
https://www.theglownique.com/business-signs/trade-show-signs,https://www.theglownique.com/business-signs/custom-logo-neon-signs,"LED Neon Signs → Flexible silicone at 12V — no glass to break in transit, and the piece that pulls attention down an aisle.",[],raw,True,200,,False,True
https://www.theglownique.com/business-signs/trade-show-signs,https://www.theglownique.com/business-signs/acrylic-logo-signs,UV-Print Acrylic Signs → Full-colour brand marks and product panels for the stand walls.,[],raw,True,200,,False,True
https://www.theglownique.com/business-signs/trade-show-signs,https://wa.me/12897963492?text=Hi%20The%20Glownique!%20I'd%20like%20a%20free%20quote%20and%20mockup%20for%20a%20custom%20trade%20show%20booth%20sign.%20Here's%20my%20idea%3A%20,Get an Exhibition Sign Quote,"[""noopener"", ""noreferrer""]",raw,False,,,False,False
https://www.theglownique.com/business-signs/trade-show-signs,https://www.theglownique.com/guides,Read the Buying Guides →,[],raw,True,200,,False,True
https://www.theglownique.com/business-signs/trade-show-signs,https://wa.me/12897963492?text=Hi%20The%20Glownique!%20I'd%20like%20a%20free%20quote%20and%20mockup%20for%20a%20Your%20Custom%20Name%20Sign.%20Here's%20my%20idea%3A%20,Start your design,"[""noopener"", ""noreferrer""]",raw,False,,,False,False
https://www.theglownique.com/business-signs/trade-show-signs,https://www.theglownique.com/,THE GLOWNIQUE,[],raw,True,200,,False,True
https://www.theglownique.com/business-signs/trade-show-signs,https://wa.me/12897963492?text=Hi%20The%20Glownique!%20I'd%20like%20a%20free%20quote%20and%20mockup%20for%20a%20custom%20sign.%20Here's%20my%20idea%3A%20,WhatsApp: +1 (289) 796-3492,"[""noopener"", ""noreferrer""]",raw,False,,,False,False
https://www.theglownique.com/business-signs/trade-show-signs,https://www.instagram.com/theglownique/,,"[""noopener""]",raw,False,,,False,False
https://www.theglownique.com/business-signs/trade-show-signs,https://www.facebook.com/people/TheGlownique/61578567176081/,,"[""noopener""]",raw,False,,,False,False
https://www.theglownique.com/business-signs/trade-show-signs,https://www.etsy.com/listing/1878290703/custom-neon-sign-led-light-for-wedding,,"[""noopener""]",raw,False,,,False,False
https://www.theglownique.com/business-signs/trade-show-signs,https://www.theglownique.com/products/custom-neon-signs,Custom neon signs,[],raw,True,,,False,False
https://www.theglownique.com/business-signs/trade-show-signs,https://www.theglownique.com/products/3d-metal-neon-signs,3D metal signs,[],raw,True,,,False,False
https://www.theglownique.com/business-signs/trade-show-signs,https://www.theglownique.com/products/ultra-thin-lightbox,Ultra thin lightbox,[],raw,True,,,False,False
https://www.theglownique.com/business-signs/trade-show-signs,https://www.theglownique.com/products/uv-print-acrylic-signs,UV-print acrylic,[],raw,True,,,False,False
https://www.theglownique.com/business-signs/trade-show-signs,https://www.theglownique.com/,Create your own,[],raw,True,200,,False,True
https://www.theglownique.com/business-signs/trade-show-signs,https://www.theglownique.com/,How it works,[],raw,True,200,,False,True
https://www.theglownique.com/business-signs/trade-show-signs,https://www.theglownique.com/,Design ideas,[],raw,True,200,,False,True
https://www.theglownique.com/business-signs/trade-show-signs,https://www.theglownique.com/,FAQ,[],raw,True,200,,False,True
https://www.theglownique.com/business-signs/trade-show-signs,https://www.theglownique.com/,About us,[],raw,True,200,,False,True
https://www.theglownique.com/business-signs/trade-show-signs,https://www.theglownique.com/,Case studies,[],raw,True,200,,False,True
https://www.theglownique.com/business-signs/trade-show-signs,https://www.theglownique.com/blog,Journal,[],raw,True,200,,False,True
https://www.theglownique.com/business-signs/trade-show-signs,https://www.theglownique.com/contact,Contact,[],raw,True,,,False,False
https://www.theglownique.com/business-signs/trade-show-signs,https://www.theglownique.com/shipping,Shipping & delivery,[],raw,True,,,False,False
https://www.theglownique.com/business-signs/trade-show-signs,https://www.theglownique.com/returns,Returns & warranty,[],raw,True,,,False,False
https://www.theglownique.com/business-signs/trade-show-signs,https://www.theglownique.com/accessibility,Accessibility,[],raw,True,,,False,False
https://www.theglownique.com/business-signs/trade-show-signs,https://www.theglownique.com/privacy,Privacy,[],raw,True,,,False,False
https://www.theglownique.com/business-signs/trade-show-signs,https://www.theglownique.com/privacy,Privacy,[],raw,True,,,False,False
https://www.theglownique.com/business-signs/trade-show-signs,https://www.theglownique.com/terms,Terms,[],raw,True,,,False,False
https://www.theglownique.com/business-signs/trade-show-signs,https://www.theglownique.com/accessibility,Accessibility,[],raw,True,,,False,False
https://www.theglownique.com/blog,https://www.theglownique.com/blog,Skip to content,[],raw,True,200,,False,True
https://www.theglownique.com/blog,https://www.theglownique.com/,THE GLOWNIQUE,[],raw,True,200,,False,True
https://www.theglownique.com/blog,https://www.theglownique.com/,Home,[],raw,True,200,,False,True
https://www.theglownique.com/blog,https://www.theglownique.com/products/custom-neon-signs,Neon Sign,[],raw,True,,,False,False
https://www.theglownique.com/blog,https://www.theglownique.com/products/3d-metal-neon-signs,3D Metal Neon Sign,[],raw,True,,,False,False
https://www.theglownique.com/blog,https://www.theglownique.com/products/ultra-thin-lightbox,Ultra Thin Lightbox,[],raw,True,,,False,False
https://www.theglownique.com/blog,https://www.theglownique.com/products/uv-print-acrylic-signs,3D Acrylic Neon Sign,[],raw,True,,,False,False
https://www.theglownique.com/blog,https://www.theglownique.com/blog,Journal,[],raw,True,200,,False,True
https://www.theglownique.com/blog,https://www.theglownique.com/contact,Contact,[],raw,True,,,False,False
https://www.theglownique.com/blog,https://wa.me/12897963492?text=Hi%20The%20Glownique!%20I'd%20like%20a%20free%20quote%20and%20mockup%20for%20a%20custom%20sign.%20Here's%20my%20idea%3A%20,Get a free quote,"[""noopener"", ""noreferrer""]",raw,False,,,False,False
https://www.theglownique.com/blog,https://www.theglownique.com/,Home,[],raw,True,200,,False,True
https://www.theglownique.com/blog,https://www.theglownique.com/blog/how-to-choose-the-right-neon-color-for-your-sign,How to Choose the Right Neon Color for Your Sign: A Practical Checklist,[],raw,True,,,False,False
https://www.theglownique.com/blog,https://www.theglownique.com/blog/christmas-neon-sign-ideas,"Christmas Neon Sign Ideas: Festive Window Displays, Warm Accents & Holiday Glow",[],raw,True,,,False,False
https://www.theglownique.com/blog,https://www.theglownique.com/blog/coffee-bar-neon-sign-ideas,Coffee Bar Neon Sign Ideas: Styling Your Kitchen Nook or Commercial Café,[],raw,True,,,False,False
https://www.theglownique.com/blog,https://www.theglownique.com/blog/halloween-neon-sign-ideas,"9 Halloween Neon Sign Ideas for Parties, Cafes and Cozy Corners",[],raw,True,,,False,False
https://www.theglownique.com/blog,https://www.theglownique.com/blog/custom-acrylic-signs-office-wall-guide,"Custom Acrylic Signs for Business & Office Walls: 3D Layering, Standoffs & LED Contour Guide",[],raw,True,,,False,False
https://www.theglownique.com/blog,https://www.theglownique.com/blog/storefront-signage-ideas-small-businesses,Storefront Signage Ideas: 5 Types Compared for Small Businesses,[],raw,True,,,False,False
https://www.theglownique.com/blog,https://www.theglownique.com/blog/custom-gaming-neon-signs-streaming-setup-guide,"Custom Gaming Neon Signs: Streaming Setup, Camera Glare & Sizing Guide",[],raw,True,,,False,False
https://www.theglownique.com/blog,https://www.theglownique.com/blog/custom-wedding-neon-signs-backdrop-guide,"Custom Wedding Neon Signs: Sizing, Backdrop Hanging & Photography Guide",[],raw,True,,,False,False
https://www.theglownique.com/blog,https://www.theglownique.com/blog/custom-neon-signs-for-bedroom-and-home-decor,"Custom Neon Signs for Bedrooms & Home Decor: Sizing, Warmth & Dimming Guide",[],raw,True,,,False,False
https://www.theglownique.com/blog,https://www.theglownique.com/blog/turn-business-logo-into-custom-neon-sign,How to Turn Your Business Logo into a Custom Neon Sign: The Complete Workshop Guide,[],raw,True,,,False,False
https://www.theglownique.com/blog,https://www.theglownique.com/blog/custom-neon-signs-for-bars-and-cafes,"Custom Neon Signs for Bars, Cafes & Restaurants: Sizing, Lighting & Durability Guide",[],raw,True,,,False,False
https://www.theglownique.com/blog,https://www.theglownique.com/guides,"Buying guides Costs, lighting comparisons and sizing — the decisions that come after the idea.",[],raw,True,200,,False,True
https://www.theglownique.com/blog,https://www.theglownique.com/business-signs,"Business signage Channel letters, lightboxes, acrylic logos and logo neon for storefronts and interiors.",[],raw,True,200,,False,True
https://www.theglownique.com/blog,https://www.theglownique.com/custom-signage,"All sign types The full catalogue of what we build, with specifications for each.",[],raw,True,200,,False,True
https://www.theglownique.com/blog,https://wa.me/12897963492?text=Hi%20The%20Glownique!%20I'd%20like%20a%20free%20quote%20and%20mockup%20for%20a%20Your%20Custom%20Name%20Sign.%20Here's%20my%20idea%3A%20,Start your design,"[""noopener"", ""noreferrer""]",raw,False,,,False,False
https://www.theglownique.com/blog,https://www.theglownique.com/,THE GLOWNIQUE,[],raw,True,200,,False,True
https://www.theglownique.com/blog,https://wa.me/12897963492?text=Hi%20The%20Glownique!%20I'd%20like%20a%20free%20quote%20and%20mockup%20for%20a%20custom%20sign.%20Here's%20my%20idea%3A%20,WhatsApp: +1 (289) 796-3492,"[""noopener"", ""noreferrer""]",raw,False,,,False,False
https://www.theglownique.com/blog,https://www.instagram.com/theglownique/,,"[""noopener""]",raw,False,,,False,False
https://www.theglownique.com/blog,https://www.facebook.com/people/TheGlownique/61578567176081/,,"[""noopener""]",raw,False,,,False,False
https://www.theglownique.com/blog,https://www.etsy.com/listing/1878290703/custom-neon-sign-led-light-for-wedding,,"[""noopener""]",raw,False,,,False,False
https://www.theglownique.com/blog,https://www.theglownique.com/products/custom-neon-signs,Custom neon signs,[],raw,True,,,False,False
https://www.theglownique.com/blog,https://www.theglownique.com/products/3d-metal-neon-signs,3D metal signs,[],raw,True,,,False,False
https://www.theglownique.com/blog,https://www.theglownique.com/products/ultra-thin-lightbox,Ultra thin lightbox,[],raw,True,,,False,False
https://www.theglownique.com/blog,https://www.theglownique.com/products/uv-print-acrylic-signs,UV-print acrylic,[],raw,True,,,False,False
https://www.theglownique.com/blog,https://www.theglownique.com/,Create your own,[],raw,True,200,,False,True
https://www.theglownique.com/blog,https://www.theglownique.com/,How it works,[],raw,True,200,,False,True
https://www.theglownique.com/blog,https://www.theglownique.com/,Design ideas,[],raw,True,200,,False,True
https://www.theglownique.com/blog,https://www.theglownique.com/,FAQ,[],raw,True,200,,False,True
https://www.theglownique.com/blog,https://www.theglownique.com/,About us,[],raw,True,200,,False,True
https://www.theglownique.com/blog,https://www.theglownique.com/,Case studies,[],raw,True,200,,False,True
https://www.theglownique.com/blog,https://www.theglownique.com/blog,Journal,[],raw,True,200,,False,True
https://www.theglownique.com/blog,https://www.theglownique.com/contact,Contact,[],raw,True,,,False,False
https://www.theglownique.com/blog,https://www.theglownique.com/shipping,Shipping & delivery,[],raw,True,,,False,False
https://www.theglownique.com/blog,https://www.theglownique.com/returns,Returns & warranty,[],raw,True,,,False,False
https://www.theglownique.com/blog,https://www.theglownique.com/accessibility,Accessibility,[],raw,True,,,False,False
https://www.theglownique.com/blog,https://www.theglownique.com/privacy,Privacy,[],raw,True,,,False,False
https://www.theglownique.com/blog,https://www.theglownique.com/privacy,Privacy,[],raw,True,,,False,False
https://www.theglownique.com/blog,https://www.theglownique.com/terms,Terms,[],raw,True,,,False,False
https://www.theglownique.com/blog,https://www.theglownique.com/accessibility,Accessibility,[],raw,True,,,False,False
https://www.theglownique.com/guides,https://www.theglownique.com/guides,Skip to content,[],raw,True,200,,False,True
https://www.theglownique.com/guides,https://www.theglownique.com/,THE GLOWNIQUE,[],raw,True,200,,False,True
https://www.theglownique.com/guides,https://www.theglownique.com/,Home,[],raw,True,200,,False,True
https://www.theglownique.com/guides,https://www.theglownique.com/products/custom-neon-signs,Neon Sign,[],raw,True,,,False,False
https://www.theglownique.com/guides,https://www.theglownique.com/products/3d-metal-neon-signs,3D Metal Neon Sign,[],raw,True,,,False,False
https://www.theglownique.com/guides,https://www.theglownique.com/products/ultra-thin-lightbox,Ultra Thin Lightbox,[],raw,True,,,False,False
https://www.theglownique.com/guides,https://www.theglownique.com/products/uv-print-acrylic-signs,3D Acrylic Neon Sign,[],raw,True,,,False,False
https://www.theglownique.com/guides,https://www.theglownique.com/blog,Journal,[],raw,True,200,,False,True
https://www.theglownique.com/guides,https://www.theglownique.com/contact,Contact,[],raw,True,,,False,False
https://www.theglownique.com/guides,https://wa.me/12897963492?text=Hi%20The%20Glownique!%20I'd%20like%20a%20free%20quote%20and%20mockup%20for%20a%20signage%20guide.%20Here's%20my%20idea%3A%20,Get a free quote,"[""noopener"", ""noreferrer""]",raw,False,,,False,False
https://www.theglownique.com/guides,https://www.theglownique.com/guides/custom-business-sign-cost,Custom Business Sign Cost Guide,[],raw,True,200,,False,True
https://www.theglownique.com/guides,https://www.theglownique.com/guides/custom-business-sign-cost,Read Full Guide →,[],raw,True,200,,False,True
https://www.theglownique.com/guides,https://www.theglownique.com/guides/front-lit-vs-halo-lit-vs-dual-lit,Front-Lit vs Halo-Lit vs Dual-Lit Channel Letters,[],raw,True,200,,False,True
https://www.theglownique.com/guides,https://www.theglownique.com/guides/front-lit-vs-halo-lit-vs-dual-lit,Read Full Guide →,[],raw,True,200,,False,True
https://www.theglownique.com/guides,https://www.theglownique.com/guides/backlit-sign-wall-surfaces-and-standoffs,Backlit Sign Wall Surfaces & Standoff Guide,[],raw,True,200,,False,True
https://www.theglownique.com/guides,https://www.theglownique.com/guides/backlit-sign-wall-surfaces-and-standoffs,Read Full Guide →,[],raw,True,200,,False,True
https://www.theglownique.com/guides,https://wa.me/12897963492?text=Hi%20The%20Glownique!%20I'd%20like%20a%20free%20quote%20and%20mockup%20for%20a%20Your%20Custom%20Name%20Sign.%20Here's%20my%20idea%3A%20,Start your design,"[""noopener"", ""noreferrer""]",raw,False,,,False,False
https://www.theglownique.com/guides,https://www.theglownique.com/,THE GLOWNIQUE,[],raw,True,200,,False,True
https://www.theglownique.com/guides,https://wa.me/12897963492?text=Hi%20The%20Glownique!%20I'd%20like%20a%20free%20quote%20and%20mockup%20for%20a%20custom%20sign.%20Here's%20my%20idea%3A%20,WhatsApp: +1 (289) 796-3492,"[""noopener"", ""noreferrer""]",raw,False,,,False,False
https://www.theglownique.com/guides,https://www.instagram.com/theglownique/,,"[""noopener""]",raw,False,,,False,False
https://www.theglownique.com/guides,https://www.facebook.com/people/TheGlownique/61578567176081/,,"[""noopener""]",raw,False,,,False,False
https://www.theglownique.com/guides,https://www.etsy.com/listing/1878290703/custom-neon-sign-led-light-for-wedding,,"[""noopener""]",raw,False,,,False,False
https://www.theglownique.com/guides,https://www.theglownique.com/products/custom-neon-signs,Custom neon signs,[],raw,True,,,False,False
https://www.theglownique.com/guides,https://www.theglownique.com/products/3d-metal-neon-signs,3D metal signs,[],raw,True,,,False,False
https://www.theglownique.com/guides,https://www.theglownique.com/products/ultra-thin-lightbox,Ultra thin lightbox,[],raw,True,,,False,False
https://www.theglownique.com/guides,https://www.theglownique.com/products/uv-print-acrylic-signs,UV-print acrylic,[],raw,True,,,False,False
https://www.theglownique.com/guides,https://www.theglownique.com/,Create your own,[],raw,True,200,,False,True
https://www.theglownique.com/guides,https://www.theglownique.com/,How it works,[],raw,True,200,,False,True
https://www.theglownique.com/guides,https://www.theglownique.com/,Design ideas,[],raw,True,200,,False,True
https://www.theglownique.com/guides,https://www.theglownique.com/,FAQ,[],raw,True,200,,False,True
https://www.theglownique.com/guides,https://www.theglownique.com/,About us,[],raw,True,200,,False,True
https://www.theglownique.com/guides,https://www.theglownique.com/,Case studies,[],raw,True,200,,False,True
https://www.theglownique.com/guides,https://www.theglownique.com/blog,Journal,[],raw,True,200,,False,True
https://www.theglownique.com/guides,https://www.theglownique.com/contact,Contact,[],raw,True,,,False,False
https://www.theglownique.com/guides,https://www.theglownique.com/shipping,Shipping & delivery,[],raw,True,,,False,False
https://www.theglownique.com/guides,https://www.theglownique.com/returns,Returns & warranty,[],raw,True,,,False,False
https://www.theglownique.com/guides,https://www.theglownique.com/accessibility,Accessibility,[],raw,True,,,False,False
https://www.theglownique.com/guides,https://www.theglownique.com/privacy,Privacy,[],raw,True,,,False,False
https://www.theglownique.com/guides,https://www.theglownique.com/privacy,Privacy,[],raw,True,,,False,False
https://www.theglownique.com/guides,https://www.theglownique.com/terms,Terms,[],raw,True,,,False,False
https://www.theglownique.com/guides,https://www.theglownique.com/accessibility,Accessibility,[],raw,True,,,False,False
https://www.theglownique.com/guides/custom-business-sign-cost,https://www.theglownique.com/guides/custom-business-sign-cost,Skip to content,[],raw,True,200,,False,True
https://www.theglownique.com/guides/custom-business-sign-cost,https://www.theglownique.com/,THE GLOWNIQUE,[],raw,True,200,,False,True
https://www.theglownique.com/guides/custom-business-sign-cost,https://www.theglownique.com/,Home,[],raw,True,200,,False,True
https://www.theglownique.com/guides/custom-business-sign-cost,https://www.theglownique.com/products/custom-neon-signs,Neon Sign,[],raw,True,,,False,False
https://www.theglownique.com/guides/custom-business-sign-cost,https://www.theglownique.com/products/3d-metal-neon-signs,3D Metal Neon Sign,[],raw,True,,,False,False
https://www.theglownique.com/guides/custom-business-sign-cost,https://www.theglownique.com/products/ultra-thin-lightbox,Ultra Thin Lightbox,[],raw,True,,,False,False
https://www.theglownique.com/guides/custom-business-sign-cost,https://www.theglownique.com/products/uv-print-acrylic-signs,3D Acrylic Neon Sign,[],raw,True,,,False,False
https://www.theglownique.com/guides/custom-business-sign-cost,https://www.theglownique.com/blog,Journal,[],raw,True,200,,False,True
https://www.theglownique.com/guides/custom-business-sign-cost,https://www.theglownique.com/contact,Contact,[],raw,True,,,False,False
https://www.theglownique.com/guides/custom-business-sign-cost,https://wa.me/12897963492?text=Hi%20The%20Glownique!%20I'd%20like%20a%20free%20quote%20and%20mockup%20for%20a%20cost%20guide.%20Here's%20my%20idea%3A%20,Get a free quote,"[""noopener"", ""noreferrer""]",raw,False,,,False,False
https://www.theglownique.com/guides/custom-business-sign-cost,https://www.theglownique.com/,Home,[],raw,True,200,,False,True
https://www.theglownique.com/guides/custom-business-sign-cost,https://www.theglownique.com/guides,Guides,[],raw,True,200,,False,True
https://www.theglownique.com/guides/custom-business-sign-cost,https://wa.me/12897963492?text=Hi%20The%20Glownique!%20I'd%20like%20a%20free%20quote%20and%20mockup%20for%20a%20custom%20business%20sign.%20Here's%20my%20idea%3A%20,Request Itemized Quote & Free Mockup,"[""noopener"", ""noreferrer""]",raw,False,,,False,False
https://www.theglownique.com/guides/custom-business-sign-cost,https://wa.me/12897963492?text=Hi%20The%20Glownique!%20I'd%20like%20a%20free%20quote%20and%20mockup%20for%20a%20Your%20Custom%20Name%20Sign.%20Here's%20my%20idea%3A%20,Start your design,"[""noopener"", ""noreferrer""]",raw,False,,,False,False
https://www.theglownique.com/guides/custom-business-sign-cost,https://www.theglownique.com/,THE GLOWNIQUE,[],raw,True,200,,False,True
https://www.theglownique.com/guides/custom-business-sign-cost,https://wa.me/12897963492?text=Hi%20The%20Glownique!%20I'd%20like%20a%20free%20quote%20and%20mockup%20for%20a%20custom%20sign.%20Here's%20my%20idea%3A%20,WhatsApp: +1 (289) 796-3492,"[""noopener"", ""noreferrer""]",raw,False,,,False,False
https://www.theglownique.com/guides/custom-business-sign-cost,https://www.instagram.com/theglownique/,,"[""noopener""]",raw,False,,,False,False
https://www.theglownique.com/guides/custom-business-sign-cost,https://www.facebook.com/people/TheGlownique/61578567176081/,,"[""noopener""]",raw,False,,,False,False
https://www.theglownique.com/guides/custom-business-sign-cost,https://www.etsy.com/listing/1878290703/custom-neon-sign-led-light-for-wedding,,"[""noopener""]",raw,False,,,False,False
https://www.theglownique.com/guides/custom-business-sign-cost,https://www.theglownique.com/products/custom-neon-signs,Custom neon signs,[],raw,True,,,False,False
https://www.theglownique.com/guides/custom-business-sign-cost,https://www.theglownique.com/products/3d-metal-neon-signs,3D metal signs,[],raw,True,,,False,False
https://www.theglownique.com/guides/custom-business-sign-cost,https://www.theglownique.com/products/ultra-thin-lightbox,Ultra thin lightbox,[],raw,True,,,False,False
https://www.theglownique.com/guides/custom-business-sign-cost,https://www.theglownique.com/products/uv-print-acrylic-signs,UV-print acrylic,[],raw,True,,,False,False
https://www.theglownique.com/guides/custom-business-sign-cost,https://www.theglownique.com/,Create your own,[],raw,True,200,,False,True
https://www.theglownique.com/guides/custom-business-sign-cost,https://www.theglownique.com/,How it works,[],raw,True,200,,False,True
https://www.theglownique.com/guides/custom-business-sign-cost,https://www.theglownique.com/,Design ideas,[],raw,True,200,,False,True
https://www.theglownique.com/guides/custom-business-sign-cost,https://www.theglownique.com/,FAQ,[],raw,True,200,,False,True
https://www.theglownique.com/guides/custom-business-sign-cost,https://www.theglownique.com/,About us,[],raw,True,200,,False,True
https://www.theglownique.com/guides/custom-business-sign-cost,https://www.theglownique.com/,Case studies,[],raw,True,200,,False,True
https://www.theglownique.com/guides/custom-business-sign-cost,https://www.theglownique.com/blog,Journal,[],raw,True,200,,False,True
https://www.theglownique.com/guides/custom-business-sign-cost,https://www.theglownique.com/contact,Contact,[],raw,True,,,False,False
https://www.theglownique.com/guides/custom-business-sign-cost,https://www.theglownique.com/shipping,Shipping & delivery,[],raw,True,,,False,False
https://www.theglownique.com/guides/custom-business-sign-cost,https://www.theglownique.com/returns,Returns & warranty,[],raw,True,,,False,False
https://www.theglownique.com/guides/custom-business-sign-cost,https://www.theglownique.com/accessibility,Accessibility,[],raw,True,,,False,False
https://www.theglownique.com/guides/custom-business-sign-cost,https://www.theglownique.com/privacy,Privacy,[],raw,True,,,False,False
https://www.theglownique.com/guides/custom-business-sign-cost,https://www.theglownique.com/privacy,Privacy,[],raw,True,,,False,False
https://www.theglownique.com/guides/custom-business-sign-cost,https://www.theglownique.com/terms,Terms,[],raw,True,,,False,False
https://www.theglownique.com/guides/custom-business-sign-cost,https://www.theglownique.com/accessibility,Accessibility,[],raw,True,,,False,False
https://www.theglownique.com/guides/front-lit-vs-halo-lit-vs-dual-lit,https://www.theglownique.com/guides/front-lit-vs-halo-lit-vs-dual-lit,Skip to content,[],raw,True,200,,False,True
https://www.theglownique.com/guides/front-lit-vs-halo-lit-vs-dual-lit,https://www.theglownique.com/,THE GLOWNIQUE,[],raw,True,200,,False,True
https://www.theglownique.com/guides/front-lit-vs-halo-lit-vs-dual-lit,https://www.theglownique.com/,Home,[],raw,True,200,,False,True
https://www.theglownique.com/guides/front-lit-vs-halo-lit-vs-dual-lit,https://www.theglownique.com/products/custom-neon-signs,Neon Sign,[],raw,True,,,False,False
https://www.theglownique.com/guides/front-lit-vs-halo-lit-vs-dual-lit,https://www.theglownique.com/products/3d-metal-neon-signs,3D Metal Neon Sign,[],raw,True,,,False,False
https://www.theglownique.com/guides/front-lit-vs-halo-lit-vs-dual-lit,https://www.theglownique.com/products/ultra-thin-lightbox,Ultra Thin Lightbox,[],raw,True,,,False,False
https://www.theglownique.com/guides/front-lit-vs-halo-lit-vs-dual-lit,https://www.theglownique.com/products/uv-print-acrylic-signs,3D Acrylic Neon Sign,[],raw,True,,,False,False
https://www.theglownique.com/guides/front-lit-vs-halo-lit-vs-dual-lit,https://www.theglownique.com/blog,Journal,[],raw,True,200,,False,True
https://www.theglownique.com/guides/front-lit-vs-halo-lit-vs-dual-lit,https://www.theglownique.com/contact,Contact,[],raw,True,,,False,False
https://www.theglownique.com/guides/front-lit-vs-halo-lit-vs-dual-lit,https://wa.me/12897963492?text=Hi%20The%20Glownique!%20I'd%20like%20a%20free%20quote%20and%20mockup%20for%20a%20channel%20letter%20guide.%20Here's%20my%20idea%3A%20,Get a free quote,"[""noopener"", ""noreferrer""]",raw,False,,,False,False
https://www.theglownique.com/guides/front-lit-vs-halo-lit-vs-dual-lit,https://www.theglownique.com/,Home,[],raw,True,200,,False,True
https://www.theglownique.com/guides/front-lit-vs-halo-lit-vs-dual-lit,https://www.theglownique.com/guides,Guides,[],raw,True,200,,False,True
https://www.theglownique.com/guides/front-lit-vs-halo-lit-vs-dual-lit,https://www.theglownique.com/business-signs/backlit-signs,custom backlit signs,[],raw,True,200,,False,True
https://www.theglownique.com/guides/front-lit-vs-halo-lit-vs-dual-lit,https://www.theglownique.com/guides/backlit-sign-wall-surfaces-and-standoffs,wall surfaces & standoffs guide,[],raw,True,200,,False,True
https://www.theglownique.com/guides/front-lit-vs-halo-lit-vs-dual-lit,https://wa.me/12897963492?text=Hi%20The%20Glownique!%20I'd%20like%20a%20free%20quote%20and%20mockup%20for%20a%203D%20channel%20letter%20sign.%20Here's%20my%20idea%3A%20,Get Free Channel Letter Mockups,"[""noopener"", ""noreferrer""]",raw,False,,,False,False
https://www.theglownique.com/guides/front-lit-vs-halo-lit-vs-dual-lit,https://www.theglownique.com/business-signs/channel-letter-signs,View Channel Letter Sign Product Page →,[],raw,True,200,,False,True
https://www.theglownique.com/guides/front-lit-vs-halo-lit-vs-dual-lit,https://wa.me/12897963492?text=Hi%20The%20Glownique!%20I'd%20like%20a%20free%20quote%20and%20mockup%20for%20a%20Your%20Custom%20Name%20Sign.%20Here's%20my%20idea%3A%20,Start your design,"[""noopener"", ""noreferrer""]",raw,False,,,False,False
https://www.theglownique.com/guides/front-lit-vs-halo-lit-vs-dual-lit,https://www.theglownique.com/,THE GLOWNIQUE,[],raw,True,200,,False,True
https://www.theglownique.com/guides/front-lit-vs-halo-lit-vs-dual-lit,https://wa.me/12897963492?text=Hi%20The%20Glownique!%20I'd%20like%20a%20free%20quote%20and%20mockup%20for%20a%20custom%20sign.%20Here's%20my%20idea%3A%20,WhatsApp: +1 (289) 796-3492,"[""noopener"", ""noreferrer""]",raw,False,,,False,False
https://www.theglownique.com/guides/front-lit-vs-halo-lit-vs-dual-lit,https://www.instagram.com/theglownique/,,"[""noopener""]",raw,False,,,False,False
https://www.theglownique.com/guides/front-lit-vs-halo-lit-vs-dual-lit,https://www.facebook.com/people/TheGlownique/61578567176081/,,"[""noopener""]",raw,False,,,False,False
https://www.theglownique.com/guides/front-lit-vs-halo-lit-vs-dual-lit,https://www.etsy.com/listing/1878290703/custom-neon-sign-led-light-for-wedding,,"[""noopener""]",raw,False,,,False,False
https://www.theglownique.com/guides/front-lit-vs-halo-lit-vs-dual-lit,https://www.theglownique.com/products/custom-neon-signs,Custom neon signs,[],raw,True,,,False,False
https://www.theglownique.com/guides/front-lit-vs-halo-lit-vs-dual-lit,https://www.theglownique.com/products/3d-metal-neon-signs,3D metal signs,[],raw,True,,,False,False
https://www.theglownique.com/guides/front-lit-vs-halo-lit-vs-dual-lit,https://www.theglownique.com/products/ultra-thin-lightbox,Ultra thin lightbox,[],raw,True,,,False,False
https://www.theglownique.com/guides/front-lit-vs-halo-lit-vs-dual-lit,https://www.theglownique.com/products/uv-print-acrylic-signs,UV-print acrylic,[],raw,True,,,False,False
https://www.theglownique.com/guides/front-lit-vs-halo-lit-vs-dual-lit,https://www.theglownique.com/,Create your own,[],raw,True,200,,False,True
https://www.theglownique.com/guides/front-lit-vs-halo-lit-vs-dual-lit,https://www.theglownique.com/,How it works,[],raw,True,200,,False,True
https://www.theglownique.com/guides/front-lit-vs-halo-lit-vs-dual-lit,https://www.theglownique.com/,Design ideas,[],raw,True,200,,False,True
https://www.theglownique.com/guides/front-lit-vs-halo-lit-vs-dual-lit,https://www.theglownique.com/,FAQ,[],raw,True,200,,False,True
https://www.theglownique.com/guides/front-lit-vs-halo-lit-vs-dual-lit,https://www.theglownique.com/,About us,[],raw,True,200,,False,True
https://www.theglownique.com/guides/front-lit-vs-halo-lit-vs-dual-lit,https://www.theglownique.com/,Case studies,[],raw,True,200,,False,True
https://www.theglownique.com/guides/front-lit-vs-halo-lit-vs-dual-lit,https://www.theglownique.com/blog,Journal,[],raw,True,200,,False,True
https://www.theglownique.com/guides/front-lit-vs-halo-lit-vs-dual-lit,https://www.theglownique.com/contact,Contact,[],raw,True,,,False,False
https://www.theglownique.com/guides/front-lit-vs-halo-lit-vs-dual-lit,https://www.theglownique.com/shipping,Shipping & delivery,[],raw,True,,,False,False
https://www.theglownique.com/guides/front-lit-vs-halo-lit-vs-dual-lit,https://www.theglownique.com/returns,Returns & warranty,[],raw,True,,,False,False
https://www.theglownique.com/guides/front-lit-vs-halo-lit-vs-dual-lit,https://www.theglownique.com/accessibility,Accessibility,[],raw,True,,,False,False
https://www.theglownique.com/guides/front-lit-vs-halo-lit-vs-dual-lit,https://www.theglownique.com/privacy,Privacy,[],raw,True,,,False,False
https://www.theglownique.com/guides/front-lit-vs-halo-lit-vs-dual-lit,https://www.theglownique.com/privacy,Privacy,[],raw,True,,,False,False
https://www.theglownique.com/guides/front-lit-vs-halo-lit-vs-dual-lit,https://www.theglownique.com/terms,Terms,[],raw,True,,,False,False
https://www.theglownique.com/guides/front-lit-vs-halo-lit-vs-dual-lit,https://www.theglownique.com/accessibility,Accessibility,[],raw,True,,,False,False
https://www.theglownique.com/guides/backlit-sign-wall-surfaces-and-standoffs,https://www.theglownique.com/guides/backlit-sign-wall-surfaces-and-standoffs,Skip to content,[],raw,True,200,,False,True
https://www.theglownique.com/guides/backlit-sign-wall-surfaces-and-standoffs,https://www.theglownique.com/,THE GLOWNIQUE,[],raw,True,200,,False,True
https://www.theglownique.com/guides/backlit-sign-wall-surfaces-and-standoffs,https://www.theglownique.com/,Home,[],raw,True,200,,False,True
https://www.theglownique.com/guides/backlit-sign-wall-surfaces-and-standoffs,https://www.theglownique.com/products/custom-neon-signs,Neon Sign,[],raw,True,,,False,False
https://www.theglownique.com/guides/backlit-sign-wall-surfaces-and-standoffs,https://www.theglownique.com/products/3d-metal-neon-signs,3D Metal Neon Sign,[],raw,True,,,False,False
https://www.theglownique.com/guides/backlit-sign-wall-surfaces-and-standoffs,https://www.theglownique.com/products/ultra-thin-lightbox,Ultra Thin Lightbox,[],raw,True,,,False,False
https://www.theglownique.com/guides/backlit-sign-wall-surfaces-and-standoffs,https://www.theglownique.com/products/uv-print-acrylic-signs,3D Acrylic Neon Sign,[],raw,True,,,False,False
https://www.theglownique.com/guides/backlit-sign-wall-surfaces-and-standoffs,https://www.theglownique.com/blog,Journal,[],raw,True,200,,False,True
https://www.theglownique.com/guides/backlit-sign-wall-surfaces-and-standoffs,https://www.theglownique.com/contact,Contact,[],raw,True,,,False,False
https://www.theglownique.com/guides/backlit-sign-wall-surfaces-and-standoffs,https://wa.me/12897963492?text=Hi%20The%20Glownique!%20I'd%20like%20a%20free%20quote%20and%20mockup%20for%20a%20backlit%20signs%20guide.%20Here's%20my%20idea%3A%20,Get a free quote,"[""noopener"", ""noreferrer""]",raw,False,,,False,False
https://www.theglownique.com/guides/backlit-sign-wall-surfaces-and-standoffs,https://www.theglownique.com/business-signs/backlit-signs,Explore Custom Backlit Signs,[],raw,True,200,,False,True
https://www.theglownique.com/guides/backlit-sign-wall-surfaces-and-standoffs,https://www.theglownique.com/business-signs/backlit-lobby-signs,Backlit Lobby Signs Guide,[],raw,True,200,,False,True
https://www.theglownique.com/guides/backlit-sign-wall-surfaces-and-standoffs,https://wa.me/12897963492?text=Hi%20The%20Glownique!%20I'd%20like%20a%20free%20quote%20and%20mockup%20for%20a%20backlit%20wall%20sign%20mockup.%20Here's%20my%20idea%3A%20,Request Free Wall Mockup,"[""noopener"", ""noreferrer""]",raw,False,,,False,False
https://www.theglownique.com/guides/backlit-sign-wall-surfaces-and-standoffs,https://wa.me/12897963492?text=Hi%20The%20Glownique!%20I'd%20like%20a%20free%20quote%20and%20mockup%20for%20a%20Your%20Custom%20Name%20Sign.%20Here's%20my%20idea%3A%20,Start your design,"[""noopener"", ""noreferrer""]",raw,False,,,False,False
https://www.theglownique.com/guides/backlit-sign-wall-surfaces-and-standoffs,https://www.theglownique.com/,THE GLOWNIQUE,[],raw,True,200,,False,True
https://www.theglownique.com/guides/backlit-sign-wall-surfaces-and-standoffs,https://wa.me/12897963492?text=Hi%20The%20Glownique!%20I'd%20like%20a%20free%20quote%20and%20mockup%20for%20a%20custom%20sign.%20Here's%20my%20idea%3A%20,WhatsApp: +1 (289) 796-3492,"[""noopener"", ""noreferrer""]",raw,False,,,False,False
https://www.theglownique.com/guides/backlit-sign-wall-surfaces-and-standoffs,https://www.instagram.com/theglownique/,,"[""noopener""]",raw,False,,,False,False
https://www.theglownique.com/guides/backlit-sign-wall-surfaces-and-standoffs,https://www.facebook.com/people/TheGlownique/61578567176081/,,"[""noopener""]",raw,False,,,False,False
https://www.theglownique.com/guides/backlit-sign-wall-surfaces-and-standoffs,https://www.etsy.com/listing/1878290703/custom-neon-sign-led-light-for-wedding,,"[""noopener""]",raw,False,,,False,False
https://www.theglownique.com/guides/backlit-sign-wall-surfaces-and-standoffs,https://www.theglownique.com/products/custom-neon-signs,Custom neon signs,[],raw,True,,,False,False
https://www.theglownique.com/guides/backlit-sign-wall-surfaces-and-standoffs,https://www.theglownique.com/products/3d-metal-neon-signs,3D metal signs,[],raw,True,,,False,False
https://www.theglownique.com/guides/backlit-sign-wall-surfaces-and-standoffs,https://www.theglownique.com/products/ultra-thin-lightbox,Ultra thin lightbox,[],raw,True,,,False,False
https://www.theglownique.com/guides/backlit-sign-wall-surfaces-and-standoffs,https://www.theglownique.com/products/uv-print-acrylic-signs,UV-print acrylic,[],raw,True,,,False,False
https://www.theglownique.com/guides/backlit-sign-wall-surfaces-and-standoffs,https://www.theglownique.com/,Create your own,[],raw,True,200,,False,True
https://www.theglownique.com/guides/backlit-sign-wall-surfaces-and-standoffs,https://www.theglownique.com/,How it works,[],raw,True,200,,False,True
https://www.theglownique.com/guides/backlit-sign-wall-surfaces-and-standoffs,https://www.theglownique.com/,Design ideas,[],raw,True,200,,False,True
https://www.theglownique.com/guides/backlit-sign-wall-surfaces-and-standoffs,https://www.theglownique.com/,FAQ,[],raw,True,200,,False,True
https://www.theglownique.com/guides/backlit-sign-wall-surfaces-and-standoffs,https://www.theglownique.com/,About us,[],raw,True,200,,False,True
https://www.theglownique.com/guides/backlit-sign-wall-surfaces-and-standoffs,https://www.theglownique.com/,Case studies,[],raw,True,200,,False,True
https://www.theglownique.com/guides/backlit-sign-wall-surfaces-and-standoffs,https://www.theglownique.com/blog,Journal,[],raw,True,200,,False,True
https://www.theglownique.com/guides/backlit-sign-wall-surfaces-and-standoffs,https://www.theglownique.com/contact,Contact,[],raw,True,,,False,False
https://www.theglownique.com/guides/backlit-sign-wall-surfaces-and-standoffs,https://www.theglownique.com/shipping,Shipping & delivery,[],raw,True,,,False,False
https://www.theglownique.com/guides/backlit-sign-wall-surfaces-and-standoffs,https://www.theglownique.com/returns,Returns & warranty,[],raw,True,,,False,False
https://www.theglownique.com/guides/backlit-sign-wall-surfaces-and-standoffs,https://www.theglownique.com/accessibility,Accessibility,[],raw,True,,,False,False
https://www.theglownique.com/guides/backlit-sign-wall-surfaces-and-standoffs,https://www.theglownique.com/privacy,Privacy,[],raw,True,,,False,False
https://www.theglownique.com/guides/backlit-sign-wall-surfaces-and-standoffs,https://www.theglownique.com/privacy,Privacy,[],raw,True,,,False,False
https://www.theglownique.com/guides/backlit-sign-wall-surfaces-and-standoffs,https://www.theglownique.com/terms,Terms,[],raw,True,,,False,False
https://www.theglownique.com/guides/backlit-sign-wall-surfaces-and-standoffs,https://www.theglownique.com/accessibility,Accessibility,[],raw,True,,,False,False
https://www.theglownique.com/custom-signage,https://www.theglownique.com/custom-signage,Skip to content,[],raw,True,200,,False,True
https://www.theglownique.com/custom-signage,https://www.theglownique.com/,THE GLOWNIQUE,[],raw,True,200,,False,True
https://www.theglownique.com/custom-signage,https://www.theglownique.com/,Home,[],raw,True,200,,False,True
https://www.theglownique.com/custom-signage,https://www.theglownique.com/products/custom-neon-signs,Neon Sign,[],raw,True,,,False,False
https://www.theglownique.com/custom-signage,https://www.theglownique.com/products/3d-metal-neon-signs,3D Metal Neon Sign,[],raw,True,,,False,False
https://www.theglownique.com/custom-signage,https://www.theglownique.com/products/ultra-thin-lightbox,Ultra Thin Lightbox,[],raw,True,,,False,False
https://www.theglownique.com/custom-signage,https://www.theglownique.com/products/uv-print-acrylic-signs,3D Acrylic Neon Sign,[],raw,True,,,False,False
https://www.theglownique.com/custom-signage,https://www.theglownique.com/blog,Journal,[],raw,True,200,,False,True
https://www.theglownique.com/custom-signage,https://www.theglownique.com/contact,Contact,[],raw,True,,,False,False
https://www.theglownique.com/custom-signage,https://wa.me/12897963492?text=Hi%20The%20Glownique!%20I'd%20like%20a%20free%20quote%20and%20mockup%20for%20a%20custom%20sign.%20Here's%20my%20idea%3A%20,Get a free quote,"[""noopener"", ""noreferrer""]",raw,False,,,False,False
https://www.theglownique.com/custom-signage,https://www.theglownique.com/products/custom-neon-signs,"Neon Sign Custom LED Neon Signs Flexible silicone LED neon, handcrafted to your words Explore in detail →",[],raw,True,,,False,False
https://www.theglownique.com/custom-signage,https://www.theglownique.com/products/3d-metal-neon-signs,"3D Metal Neon Sign 3D Metal Neon Signs Fabricated stainless-steel channel letters — frontlit, halo backlit or dual-lit Explore in detail →",[],raw,True,,,False,False
https://www.theglownique.com/custom-signage,https://www.theglownique.com/products/ultra-thin-lightbox,"Ultra Thin Lightbox Ultra Thin Slim Lightboxes Slim aluminium lightbox with 100% even, edge-lit LED glow Explore in detail →",[],raw,True,,,False,False
https://www.theglownique.com/custom-signage,https://www.theglownique.com/products/uv-print-acrylic-signs,"3D Acrylic Neon Sign 3D Acrylic Illuminated Neon Signs Full-colour UV artwork on acrylic, traced with glowing LED neon Explore in detail →",[],raw,True,,,False,False
https://www.theglownique.com/custom-signage,https://www.theglownique.com/custom-signage/wedding-signs,"Wedding Signs → A custom wedding neon sign is in every photograph from the first dance to the last. Ours are built around the two things that decide whether it works: how it mounts on the day, and how it reads through a camera.",[],raw,True,200,,False,True
https://www.theglownique.com/custom-signage,https://www.theglownique.com/custom-signage/kids-room-neon-signs,"Kids’ Room Signs → A kids’ room neon sign is the one piece of a child’s room that is theirs alone, and it has to survive being lived under every night. These are built for that: low-voltage silicone with no glass, a glow that dims to a nightlight, and colours that still look right when they are twelve.",[],raw,True,200,,False,True
https://www.theglownique.com/custom-signage,https://www.theglownique.com/custom-signage/gaming-neon-signs,"Game Room Signs → Gaming rooms already glow. A gaming neon sign has to win against RGB strips, monitor light and a camera pointed at your face — which changes the colour you pick, where it hangs and how bright it runs.",[],raw,True,200,,False,True
https://www.theglownique.com/custom-signage,https://www.theglownique.com/custom-signage/home-decor-signs,"Home Decor Signs → A bedroom neon sign is lived with, not visited. The wording has to still feel like yours in five years, the colour has to sit with the paint, and neon lights for a bedroom have to dim to something you can sleep beside on a Tuesday night.",[],raw,True,,,False,False
https://www.theglownique.com/custom-signage,https://www.theglownique.com/custom-signage/bar-neon-signs,"Home Bar Signs → A home bar becomes a bar the moment its name is lit above it. A personalized neon bar sign is built for the rooms it actually goes in — dark corners, garages, kitchens — where the glow does the work the decor cannot.",[],raw,True,,,False,False
https://www.theglownique.com/custom-signage,https://www.theglownique.com/custom-signage/event-signs,Party & Event Signs → A party neon sign has one job on the night — be in every photograph — and one job afterwards: go on a wall and keep working. Choosing wording that does both is most of the decision.,[],raw,True,,,False,False
https://www.theglownique.com/custom-signage,https://www.theglownique.com/business-signs,Explore Business Signage Hub →,[],raw,True,200,,False,True
https://www.theglownique.com/custom-signage,https://wa.me/12897963492?text=Hi%20The%20Glownique!%20I'd%20like%20a%20free%20quote%20and%20mockup%20for%20a%20Your%20Custom%20Name%20Sign.%20Here's%20my%20idea%3A%20,Start your design,"[""noopener"", ""noreferrer""]",raw,False,,,False,False
https://www.theglownique.com/custom-signage,https://www.theglownique.com/,THE GLOWNIQUE,[],raw,True,200,,False,True
https://www.theglownique.com/custom-signage,https://wa.me/12897963492?text=Hi%20The%20Glownique!%20I'd%20like%20a%20free%20quote%20and%20mockup%20for%20a%20custom%20sign.%20Here's%20my%20idea%3A%20,WhatsApp: +1 (289) 796-3492,"[""noopener"", ""noreferrer""]",raw,False,,,False,False
https://www.theglownique.com/custom-signage,https://www.instagram.com/theglownique/,,"[""noopener""]",raw,False,,,False,False
https://www.theglownique.com/custom-signage,https://www.facebook.com/people/TheGlownique/61578567176081/,,"[""noopener""]",raw,False,,,False,False
https://www.theglownique.com/custom-signage,https://www.etsy.com/listing/1878290703/custom-neon-sign-led-light-for-wedding,,"[""noopener""]",raw,False,,,False,False
https://www.theglownique.com/custom-signage,https://www.theglownique.com/products/custom-neon-signs,Custom neon signs,[],raw,True,,,False,False
https://www.theglownique.com/custom-signage,https://www.theglownique.com/products/3d-metal-neon-signs,3D metal signs,[],raw,True,,,False,False
https://www.theglownique.com/custom-signage,https://www.theglownique.com/products/ultra-thin-lightbox,Ultra thin lightbox,[],raw,True,,,False,False
https://www.theglownique.com/custom-signage,https://www.theglownique.com/products/uv-print-acrylic-signs,UV-print acrylic,[],raw,True,,,False,False
https://www.theglownique.com/custom-signage,https://www.theglownique.com/,Create your own,[],raw,True,200,,False,True
https://www.theglownique.com/custom-signage,https://www.theglownique.com/,How it works,[],raw,True,200,,False,True
https://www.theglownique.com/custom-signage,https://www.theglownique.com/,Design ideas,[],raw,True,200,,False,True
https://www.theglownique.com/custom-signage,https://www.theglownique.com/,FAQ,[],raw,True,200,,False,True
https://www.theglownique.com/custom-signage,https://www.theglownique.com/,About us,[],raw,True,200,,False,True
https://www.theglownique.com/custom-signage,https://www.theglownique.com/,Case studies,[],raw,True,200,,False,True
https://www.theglownique.com/custom-signage,https://www.theglownique.com/blog,Journal,[],raw,True,200,,False,True
https://www.theglownique.com/custom-signage,https://www.theglownique.com/contact,Contact,[],raw,True,,,False,False
https://www.theglownique.com/custom-signage,https://www.theglownique.com/shipping,Shipping & delivery,[],raw,True,,,False,False
https://www.theglownique.com/custom-signage,https://www.theglownique.com/returns,Returns & warranty,[],raw,True,,,False,False
https://www.theglownique.com/custom-signage,https://www.theglownique.com/accessibility,Accessibility,[],raw,True,,,False,False
https://www.theglownique.com/custom-signage,https://www.theglownique.com/privacy,Privacy,[],raw,True,,,False,False
https://www.theglownique.com/custom-signage,https://www.theglownique.com/privacy,Privacy,[],raw,True,,,False,False
https://www.theglownique.com/custom-signage,https://www.theglownique.com/terms,Terms,[],raw,True,,,False,False
https://www.theglownique.com/custom-signage,https://www.theglownique.com/accessibility,Accessibility,[],raw,True,,,False,False
https://www.theglownique.com/custom-signage/wedding-signs,https://www.theglownique.com/custom-signage/wedding-signs,Skip to content,[],raw,True,200,,False,True
https://www.theglownique.com/custom-signage/wedding-signs,https://www.theglownique.com/,THE GLOWNIQUE,[],raw,True,200,,False,True
https://www.theglownique.com/custom-signage/wedding-signs,https://www.theglownique.com/,Home,[],raw,True,200,,False,True
https://www.theglownique.com/custom-signage/wedding-signs,https://www.theglownique.com/products/custom-neon-signs,Neon Sign,[],raw,True,,,False,False
https://www.theglownique.com/custom-signage/wedding-signs,https://www.theglownique.com/products/3d-metal-neon-signs,3D Metal Neon Sign,[],raw,True,,,False,False
https://www.theglownique.com/custom-signage/wedding-signs,https://www.theglownique.com/products/ultra-thin-lightbox,Ultra Thin Lightbox,[],raw,True,,,False,False
https://www.theglownique.com/custom-signage/wedding-signs,https://www.theglownique.com/products/uv-print-acrylic-signs,3D Acrylic Neon Sign,[],raw,True,,,False,False
https://www.theglownique.com/custom-signage/wedding-signs,https://www.theglownique.com/blog,Journal,[],raw,True,200,,False,True
https://www.theglownique.com/custom-signage/wedding-signs,https://www.theglownique.com/contact,Contact,[],raw,True,,,False,False
https://www.theglownique.com/custom-signage/wedding-signs,https://wa.me/12897963492?text=Hi%20The%20Glownique!%20I'd%20like%20a%20free%20quote%20and%20mockup%20for%20a%20custom%20wedding%20neon%20sign.%20Here's%20my%20idea%3A%20,Get a free quote,"[""noopener"", ""noreferrer""]",raw,False,,,False,False
https://www.theglownique.com/custom-signage/wedding-signs,https://www.theglownique.com/,Home,[],raw,True,200,,False,True
https://www.theglownique.com/custom-signage/wedding-signs,https://www.theglownique.com/custom-signage,Custom Signage,[],raw,True,200,,False,True
https://www.theglownique.com/custom-signage/wedding-signs,https://wa.me/12897963492?text=Hi%20The%20Glownique!%20I'd%20like%20a%20free%20quote%20and%20mockup%20for%20a%20custom%20wedding%20neon%20sign.%20Here's%20my%20idea%3A%20,Get a wedding sign mockup,"[""noopener"", ""noreferrer""]",raw,False,,,False,False
https://www.theglownique.com/custom-signage/wedding-signs,https://www.theglownique.com/custom-signage/wedding-signs,See the designs,[],raw,True,200,,False,True
https://www.theglownique.com/custom-signage/wedding-signs,https://wa.me/12897963492?text=Hi%20The%20Glownique!%20I'd%20like%20a%20free%20quote%20and%20mockup%20for%20a%20custom%20wedding%20neon%20sign.%20Here's%20my%20idea%3A%20,Your own words →,"[""noopener"", ""noreferrer""]",raw,False,,,False,False
https://www.theglownique.com/custom-signage/wedding-signs,https://www.theglownique.com/products/custom-neon-signs,"LED Neon Signs The wedding standard. Flexible silicone at 12V, so it is light enough to hang on an arch and there is no glass anywhere near your guests. Explore →",[],raw,True,,,False,False
https://www.theglownique.com/custom-signage/wedding-signs,https://www.theglownique.com/products/uv-print-acrylic-signs,"UV-Print Acrylic Signs Welcome boards, seating plans and order-of-day panels where the artwork is print rather than lettering. Explore →",[],raw,True,,,False,False
https://www.theglownique.com/custom-signage/wedding-signs,https://www.theglownique.com/products/ultra-thin-lightbox,Ultra-Thin Lightbox Signs Backlit panels for larger welcome displays and venue entrances that need to read across a room. Explore →,[],raw,True,,,False,False
https://www.theglownique.com/custom-signage/wedding-signs,https://www.theglownique.com/blog/custom-wedding-neon-signs-backdrop-guide,"Wedding neon signs: sizing, backdrop hanging and photography How wide, how high and how to light it so the photographer gets the shot.",[],raw,True,,,False,False
https://www.theglownique.com/custom-signage/wedding-signs,https://www.theglownique.com/blog/how-to-choose-the-right-neon-color-for-your-sign,"How to choose the right neon colour Why warm white photographs best, and when a palette colour is worth it.",[],raw,True,,,False,False
https://www.theglownique.com/custom-signage/wedding-signs,https://www.theglownique.com/guides/custom-business-sign-cost,"What a custom sign costs The drivers behind every quote, and why two signs the same size can price differently.",[],raw,True,200,,False,True
https://www.theglownique.com/custom-signage/wedding-signs,https://wa.me/12897963492?text=Hi%20The%20Glownique!%20I'd%20like%20a%20free%20quote%20and%20mockup%20for%20a%20custom%20wedding%20neon%20sign.%20Here's%20my%20idea%3A%20,Get a wedding sign mockup,"[""noopener"", ""noreferrer""]",raw,False,,,False,False
https://www.theglownique.com/custom-signage/wedding-signs,https://www.theglownique.com/custom-signage,Browse all sign types,[],raw,True,200,,False,True
https://www.theglownique.com/custom-signage/wedding-signs,https://www.theglownique.com/custom-signage/kids-room-neon-signs,Kids’ Room Signs,[],raw,True,200,,False,True
https://www.theglownique.com/custom-signage/wedding-signs,https://www.theglownique.com/custom-signage/gaming-neon-signs,Game Room Signs,[],raw,True,200,,False,True
https://www.theglownique.com/custom-signage/wedding-signs,https://www.theglownique.com/custom-signage/home-decor-signs,Home Decor Signs,[],raw,True,,,False,False
https://www.theglownique.com/custom-signage/wedding-signs,https://www.theglownique.com/custom-signage/bar-neon-signs,Home Bar Signs,[],raw,True,,,False,False
https://www.theglownique.com/custom-signage/wedding-signs,https://www.theglownique.com/custom-signage/event-signs,Party & Event Signs,[],raw,True,,,False,False
https://www.theglownique.com/custom-signage/wedding-signs,https://wa.me/12897963492?text=Hi%20The%20Glownique!%20I'd%20like%20a%20free%20quote%20and%20mockup%20for%20a%20Your%20Custom%20Name%20Sign.%20Here's%20my%20idea%3A%20,Start your design,"[""noopener"", ""noreferrer""]",raw,False,,,False,False
https://www.theglownique.com/custom-signage/wedding-signs,https://www.theglownique.com/,THE GLOWNIQUE,[],raw,True,200,,False,True
https://www.theglownique.com/custom-signage/wedding-signs,https://wa.me/12897963492?text=Hi%20The%20Glownique!%20I'd%20like%20a%20free%20quote%20and%20mockup%20for%20a%20custom%20sign.%20Here's%20my%20idea%3A%20,WhatsApp: +1 (289) 796-3492,"[""noopener"", ""noreferrer""]",raw,False,,,False,False
https://www.theglownique.com/custom-signage/wedding-signs,https://www.instagram.com/theglownique/,,"[""noopener""]",raw,False,,,False,False
https://www.theglownique.com/custom-signage/wedding-signs,https://www.facebook.com/people/TheGlownique/61578567176081/,,"[""noopener""]",raw,False,,,False,False
https://www.theglownique.com/custom-signage/wedding-signs,https://www.etsy.com/listing/1878290703/custom-neon-sign-led-light-for-wedding,,"[""noopener""]",raw,False,,,False,False
https://www.theglownique.com/custom-signage/wedding-signs,https://www.theglownique.com/products/custom-neon-signs,Custom neon signs,[],raw,True,,,False,False
https://www.theglownique.com/custom-signage/wedding-signs,https://www.theglownique.com/products/3d-metal-neon-signs,3D metal signs,[],raw,True,,,False,False
https://www.theglownique.com/custom-signage/wedding-signs,https://www.theglownique.com/products/ultra-thin-lightbox,Ultra thin lightbox,[],raw,True,,,False,False
https://www.theglownique.com/custom-signage/wedding-signs,https://www.theglownique.com/products/uv-print-acrylic-signs,UV-print acrylic,[],raw,True,,,False,False
https://www.theglownique.com/custom-signage/wedding-signs,https://www.theglownique.com/,Create your own,[],raw,True,200,,False,True
https://www.theglownique.com/custom-signage/wedding-signs,https://www.theglownique.com/,How it works,[],raw,True,200,,False,True
https://www.theglownique.com/custom-signage/wedding-signs,https://www.theglownique.com/,Design ideas,[],raw,True,200,,False,True
https://www.theglownique.com/custom-signage/wedding-signs,https://www.theglownique.com/,FAQ,[],raw,True,200,,False,True
https://www.theglownique.com/custom-signage/wedding-signs,https://www.theglownique.com/,About us,[],raw,True,200,,False,True
https://www.theglownique.com/custom-signage/wedding-signs,https://www.theglownique.com/,Case studies,[],raw,True,200,,False,True
https://www.theglownique.com/custom-signage/wedding-signs,https://www.theglownique.com/blog,Journal,[],raw,True,200,,False,True
https://www.theglownique.com/custom-signage/wedding-signs,https://www.theglownique.com/contact,Contact,[],raw,True,,,False,False
https://www.theglownique.com/custom-signage/wedding-signs,https://www.theglownique.com/shipping,Shipping & delivery,[],raw,True,,,False,False
https://www.theglownique.com/custom-signage/wedding-signs,https://www.theglownique.com/returns,Returns & warranty,[],raw,True,,,False,False
https://www.theglownique.com/custom-signage/wedding-signs,https://www.theglownique.com/accessibility,Accessibility,[],raw,True,,,False,False
https://www.theglownique.com/custom-signage/wedding-signs,https://www.theglownique.com/privacy,Privacy,[],raw,True,,,False,False
https://www.theglownique.com/custom-signage/wedding-signs,https://www.theglownique.com/privacy,Privacy,[],raw,True,,,False,False
https://www.theglownique.com/custom-signage/wedding-signs,https://www.theglownique.com/terms,Terms,[],raw,True,,,False,False
https://www.theglownique.com/custom-signage/wedding-signs,https://www.theglownique.com/accessibility,Accessibility,[],raw,True,,,False,False
https://www.theglownique.com/custom-signage/kids-room-neon-signs,https://www.theglownique.com/custom-signage/kids-room-neon-signs,Skip to content,[],raw,True,200,,False,True
https://www.theglownique.com/custom-signage/kids-room-neon-signs,https://www.theglownique.com/,THE GLOWNIQUE,[],raw,True,200,,False,True
https://www.theglownique.com/custom-signage/kids-room-neon-signs,https://www.theglownique.com/,Home,[],raw,True,200,,False,True
https://www.theglownique.com/custom-signage/kids-room-neon-signs,https://www.theglownique.com/products/custom-neon-signs,Neon Sign,[],raw,True,,,False,False
https://www.theglownique.com/custom-signage/kids-room-neon-signs,https://www.theglownique.com/products/3d-metal-neon-signs,3D Metal Neon Sign,[],raw,True,,,False,False
https://www.theglownique.com/custom-signage/kids-room-neon-signs,https://www.theglownique.com/products/ultra-thin-lightbox,Ultra Thin Lightbox,[],raw,True,,,False,False
https://www.theglownique.com/custom-signage/kids-room-neon-signs,https://www.theglownique.com/products/uv-print-acrylic-signs,3D Acrylic Neon Sign,[],raw,True,,,False,False
https://www.theglownique.com/custom-signage/kids-room-neon-signs,https://www.theglownique.com/blog,Journal,[],raw,True,200,,False,True
https://www.theglownique.com/custom-signage/kids-room-neon-signs,https://www.theglownique.com/contact,Contact,[],raw,True,,,False,False
https://www.theglownique.com/custom-signage/kids-room-neon-signs,https://wa.me/12897963492?text=Hi%20The%20Glownique!%20I'd%20like%20a%20free%20quote%20and%20mockup%20for%20a%20custom%20kids%20room%20neon%20name%20sign.%20Here's%20my%20idea%3A%20,Get a free quote,"[""noopener"", ""noreferrer""]",raw,False,,,False,False
https://www.theglownique.com/custom-signage/kids-room-neon-signs,https://www.theglownique.com/,Home,[],raw,True,200,,False,True
https://www.theglownique.com/custom-signage/kids-room-neon-signs,https://www.theglownique.com/custom-signage,Custom Signage,[],raw,True,200,,False,True
https://www.theglownique.com/custom-signage/kids-room-neon-signs,https://wa.me/12897963492?text=Hi%20The%20Glownique!%20I'd%20like%20a%20free%20quote%20and%20mockup%20for%20a%20custom%20kids%20room%20neon%20name%20sign.%20Here's%20my%20idea%3A%20,Mock up their name for free,"[""noopener"", ""noreferrer""]",raw,False,,,False,False
https://www.theglownique.com/custom-signage/kids-room-neon-signs,https://www.theglownique.com/custom-signage/kids-room-neon-signs,See the designs,[],raw,True,200,,False,True
https://www.theglownique.com/custom-signage/kids-room-neon-signs,https://wa.me/12897963492?text=Hi%20The%20Glownique!%20I'd%20like%20a%20free%20quote%20and%20mockup%20for%20a%20custom%20kids%20room%20neon%20name%20sign.%20Here's%20my%20idea%3A%20,Your own words →,"[""noopener"", ""noreferrer""]",raw,False,,,False,False
https://www.theglownique.com/custom-signage/kids-room-neon-signs,https://www.theglownique.com/products/custom-neon-signs,"LED Neon Signs The one for a child’s room. Flexible 12V silicone with no glass, cool to the touch, and dimmable to a nightlight with the optional remote. Explore →",[],raw,True,,,False,False
https://www.theglownique.com/custom-signage/kids-room-neon-signs,https://www.theglownique.com/products/uv-print-acrylic-signs,"UV-Print Acrylic Signs When the design is a character, an illustration or a full-colour name rather than a single glowing line. Explore →",[],raw,True,,,False,False
https://www.theglownique.com/custom-signage/kids-room-neon-signs,https://www.theglownique.com/products/ultra-thin-lightbox,"Ultra-Thin Lightbox Signs A soft, even panel for a playroom or reading nook, with a graphic that can change as they grow. Explore →",[],raw,True,,,False,False
https://www.theglownique.com/custom-signage/kids-room-neon-signs,https://www.theglownique.com/blog/custom-neon-signs-for-bedroom-and-home-decor,"Neon signs for bedrooms: sizing, warmth and dimming How to size a sign to a bed, pick a warmth that sleeps well and set a dimmer.",[],raw,True,,,False,False
https://www.theglownique.com/custom-signage/kids-room-neon-signs,https://www.theglownique.com/blog/how-to-choose-the-right-neon-color-for-your-sign,"How to choose the right neon colour Which colours age well in a child’s room, and how lit colour differs from a screen.",[],raw,True,,,False,False
https://www.theglownique.com/custom-signage/kids-room-neon-signs,https://www.theglownique.com/guides/custom-business-sign-cost,"What a custom sign costs The drivers behind every quote — letters, size, colours, extras.",[],raw,True,200,,False,True
https://www.theglownique.com/custom-signage/kids-room-neon-signs,https://wa.me/12897963492?text=Hi%20The%20Glownique!%20I'd%20like%20a%20free%20quote%20and%20mockup%20for%20a%20custom%20kids%20room%20neon%20name%20sign.%20Here's%20my%20idea%3A%20,Mock up their name for free,"[""noopener"", ""noreferrer""]",raw,False,,,False,False
https://www.theglownique.com/custom-signage/kids-room-neon-signs,https://www.theglownique.com/custom-signage,Browse all sign types,[],raw,True,200,,False,True
https://www.theglownique.com/custom-signage/kids-room-neon-signs,https://www.theglownique.com/custom-signage/wedding-signs,Wedding Signs,[],raw,True,200,,False,True
https://www.theglownique.com/custom-signage/kids-room-neon-signs,https://www.theglownique.com/custom-signage/gaming-neon-signs,Game Room Signs,[],raw,True,200,,False,True
https://www.theglownique.com/custom-signage/kids-room-neon-signs,https://www.theglownique.com/custom-signage/home-decor-signs,Home Decor Signs,[],raw,True,,,False,False
https://www.theglownique.com/custom-signage/kids-room-neon-signs,https://www.theglownique.com/custom-signage/bar-neon-signs,Home Bar Signs,[],raw,True,,,False,False
https://www.theglownique.com/custom-signage/kids-room-neon-signs,https://www.theglownique.com/custom-signage/event-signs,Party & Event Signs,[],raw,True,,,False,False
https://www.theglownique.com/custom-signage/kids-room-neon-signs,https://wa.me/12897963492?text=Hi%20The%20Glownique!%20I'd%20like%20a%20free%20quote%20and%20mockup%20for%20a%20Your%20Custom%20Name%20Sign.%20Here's%20my%20idea%3A%20,Start your design,"[""noopener"", ""noreferrer""]",raw,False,,,False,False
https://www.theglownique.com/custom-signage/kids-room-neon-signs,https://www.theglownique.com/,THE GLOWNIQUE,[],raw,True,200,,False,True
https://www.theglownique.com/custom-signage/kids-room-neon-signs,https://wa.me/12897963492?text=Hi%20The%20Glownique!%20I'd%20like%20a%20free%20quote%20and%20mockup%20for%20a%20custom%20sign.%20Here's%20my%20idea%3A%20,WhatsApp: +1 (289) 796-3492,"[""noopener"", ""noreferrer""]",raw,False,,,False,False
https://www.theglownique.com/custom-signage/kids-room-neon-signs,https://www.instagram.com/theglownique/,,"[""noopener""]",raw,False,,,False,False
https://www.theglownique.com/custom-signage/kids-room-neon-signs,https://www.facebook.com/people/TheGlownique/61578567176081/,,"[""noopener""]",raw,False,,,False,False
https://www.theglownique.com/custom-signage/kids-room-neon-signs,https://www.etsy.com/listing/1878290703/custom-neon-sign-led-light-for-wedding,,"[""noopener""]",raw,False,,,False,False
https://www.theglownique.com/custom-signage/kids-room-neon-signs,https://www.theglownique.com/products/custom-neon-signs,Custom neon signs,[],raw,True,,,False,False
https://www.theglownique.com/custom-signage/kids-room-neon-signs,https://www.theglownique.com/products/3d-metal-neon-signs,3D metal signs,[],raw,True,,,False,False
https://www.theglownique.com/custom-signage/kids-room-neon-signs,https://www.theglownique.com/products/ultra-thin-lightbox,Ultra thin lightbox,[],raw,True,,,False,False
https://www.theglownique.com/custom-signage/kids-room-neon-signs,https://www.theglownique.com/products/uv-print-acrylic-signs,UV-print acrylic,[],raw,True,,,False,False
https://www.theglownique.com/custom-signage/kids-room-neon-signs,https://www.theglownique.com/,Create your own,[],raw,True,200,,False,True
https://www.theglownique.com/custom-signage/kids-room-neon-signs,https://www.theglownique.com/,How it works,[],raw,True,200,,False,True
https://www.theglownique.com/custom-signage/kids-room-neon-signs,https://www.theglownique.com/,Design ideas,[],raw,True,200,,False,True
https://www.theglownique.com/custom-signage/kids-room-neon-signs,https://www.theglownique.com/,FAQ,[],raw,True,200,,False,True
https://www.theglownique.com/custom-signage/kids-room-neon-signs,https://www.theglownique.com/,About us,[],raw,True,200,,False,True
https://www.theglownique.com/custom-signage/kids-room-neon-signs,https://www.theglownique.com/,Case studies,[],raw,True,200,,False,True
https://www.theglownique.com/custom-signage/kids-room-neon-signs,https://www.theglownique.com/blog,Journal,[],raw,True,200,,False,True
https://www.theglownique.com/custom-signage/kids-room-neon-signs,https://www.theglownique.com/contact,Contact,[],raw,True,,,False,False
https://www.theglownique.com/custom-signage/kids-room-neon-signs,https://www.theglownique.com/shipping,Shipping & delivery,[],raw,True,,,False,False
https://www.theglownique.com/custom-signage/kids-room-neon-signs,https://www.theglownique.com/returns,Returns & warranty,[],raw,True,,,False,False
https://www.theglownique.com/custom-signage/kids-room-neon-signs,https://www.theglownique.com/accessibility,Accessibility,[],raw,True,,,False,False
https://www.theglownique.com/custom-signage/kids-room-neon-signs,https://www.theglownique.com/privacy,Privacy,[],raw,True,,,False,False
https://www.theglownique.com/custom-signage/kids-room-neon-signs,https://www.theglownique.com/privacy,Privacy,[],raw,True,,,False,False
https://www.theglownique.com/custom-signage/kids-room-neon-signs,https://www.theglownique.com/terms,Terms,[],raw,True,,,False,False
https://www.theglownique.com/custom-signage/kids-room-neon-signs,https://www.theglownique.com/accessibility,Accessibility,[],raw,True,,,False,False
https://www.theglownique.com/custom-signage/gaming-neon-signs,https://www.theglownique.com/custom-signage/gaming-neon-signs,Skip to content,[],raw,True,200,,False,True
https://www.theglownique.com/custom-signage/gaming-neon-signs,https://www.theglownique.com/,THE GLOWNIQUE,[],raw,True,200,,False,True
https://www.theglownique.com/custom-signage/gaming-neon-signs,https://www.theglownique.com/,Home,[],raw,True,200,,False,True
https://www.theglownique.com/custom-signage/gaming-neon-signs,https://www.theglownique.com/products/custom-neon-signs,Neon Sign,[],raw,True,,,False,False
https://www.theglownique.com/custom-signage/gaming-neon-signs,https://www.theglownique.com/products/3d-metal-neon-signs,3D Metal Neon Sign,[],raw,True,,,False,False
https://www.theglownique.com/custom-signage/gaming-neon-signs,https://www.theglownique.com/products/ultra-thin-lightbox,Ultra Thin Lightbox,[],raw,True,,,False,False
https://www.theglownique.com/custom-signage/gaming-neon-signs,https://www.theglownique.com/products/uv-print-acrylic-signs,3D Acrylic Neon Sign,[],raw,True,,,False,False
https://www.theglownique.com/custom-signage/gaming-neon-signs,https://www.theglownique.com/blog,Journal,[],raw,True,200,,False,True
https://www.theglownique.com/custom-signage/gaming-neon-signs,https://www.theglownique.com/contact,Contact,[],raw,True,,,False,False
https://www.theglownique.com/custom-signage/gaming-neon-signs,https://wa.me/12897963492?text=Hi%20The%20Glownique!%20I'd%20like%20a%20free%20quote%20and%20mockup%20for%20a%20custom%20gaming%20neon%20sign.%20Here's%20my%20idea%3A%20,Get a free quote,"[""noopener"", ""noreferrer""]",raw,False,,,False,False
https://www.theglownique.com/custom-signage/gaming-neon-signs,https://www.theglownique.com/,Home,[],raw,True,200,,False,True
https://www.theglownique.com/custom-signage/gaming-neon-signs,https://www.theglownique.com/custom-signage,Custom Signage,[],raw,True,200,,False,True
https://www.theglownique.com/custom-signage/gaming-neon-signs,https://wa.me/12897963492?text=Hi%20The%20Glownique!%20I'd%20like%20a%20free%20quote%20and%20mockup%20for%20a%20custom%20gaming%20neon%20sign.%20Here's%20my%20idea%3A%20,Mock up your gamertag for free,"[""noopener"", ""noreferrer""]",raw,False,,,False,False
https://www.theglownique.com/custom-signage/gaming-neon-signs,https://www.theglownique.com/custom-signage/gaming-neon-signs,See the designs,[],raw,True,200,,False,True
https://www.theglownique.com/custom-signage/gaming-neon-signs,https://wa.me/12897963492?text=Hi%20The%20Glownique!%20I'd%20like%20a%20free%20quote%20and%20mockup%20for%20a%20custom%20gaming%20neon%20sign.%20Here's%20my%20idea%3A%20,Your own words →,"[""noopener"", ""noreferrer""]",raw,False,,,False,False
https://www.theglownique.com/custom-signage/gaming-neon-signs,https://www.theglownique.com/products/custom-neon-signs,"LED Neon Signs Gamertags, phrases and outlines in one saturated colour. Dimmable with the remote, so it drops to camera level when you stream. Explore →",[],raw,True,,,False,False
https://www.theglownique.com/custom-signage/gaming-neon-signs,https://www.theglownique.com/products/uv-print-acrylic-signs,"UV-Print Acrylic Signs A full-colour logo or channel mascot printed onto acrylic, with neon tracing the outline — the way to light a multi-colour brand. Explore →",[],raw,True,,,False,False
https://www.theglownique.com/custom-signage/gaming-neon-signs,https://www.theglownique.com/products/ultra-thin-lightbox,"Ultra-Thin Lightbox Signs A slim backlit panel for artwork or a poster behind the desk, with a graphic you can swap. Explore →",[],raw,True,,,False,False
https://www.theglownique.com/custom-signage/gaming-neon-signs,https://www.theglownique.com/blog/custom-gaming-neon-signs-streaming-setup-guide,"Gaming neon signs: streaming setup, camera glare and sizing Where the sign sits in the webcam frame, how bright to run it and how big to go.",[],raw,True,,,False,False
https://www.theglownique.com/custom-signage/gaming-neon-signs,https://www.theglownique.com/blog/how-to-choose-the-right-neon-color-for-your-sign,How to choose the right neon colour Picking one colour that holds up against RGB lighting and a dark wall.,[],raw,True,,,False,False
https://www.theglownique.com/custom-signage/gaming-neon-signs,https://www.theglownique.com/guides/custom-business-sign-cost,"What a custom sign costs The drivers behind every quote, from letter count to a logo outline.",[],raw,True,200,,False,True
https://www.theglownique.com/custom-signage/gaming-neon-signs,https://wa.me/12897963492?text=Hi%20The%20Glownique!%20I'd%20like%20a%20free%20quote%20and%20mockup%20for%20a%20custom%20gaming%20neon%20sign.%20Here's%20my%20idea%3A%20,Mock up your gamertag for free,"[""noopener"", ""noreferrer""]",raw,False,,,False,False
https://www.theglownique.com/custom-signage/gaming-neon-signs,https://www.theglownique.com/custom-signage,Browse all sign types,[],raw,True,200,,False,True
https://www.theglownique.com/custom-signage/gaming-neon-signs,https://www.theglownique.com/custom-signage/wedding-signs,Wedding Signs,[],raw,True,200,,False,True
https://www.theglownique.com/custom-signage/gaming-neon-signs,https://www.theglownique.com/custom-signage/kids-room-neon-signs,Kids’ Room Signs,[],raw,True,200,,False,True
https://www.theglownique.com/custom-signage/gaming-neon-signs,https://www.theglownique.com/custom-signage/home-decor-signs,Home Decor Signs,[],raw,True,,,False,False
https://www.theglownique.com/custom-signage/gaming-neon-signs,https://www.theglownique.com/custom-signage/bar-neon-signs,Home Bar Signs,[],raw,True,,,False,False
https://www.theglownique.com/custom-signage/gaming-neon-signs,https://www.theglownique.com/custom-signage/event-signs,Party & Event Signs,[],raw,True,,,False,False
https://www.theglownique.com/custom-signage/gaming-neon-signs,https://wa.me/12897963492?text=Hi%20The%20Glownique!%20I'd%20like%20a%20free%20quote%20and%20mockup%20for%20a%20Your%20Custom%20Name%20Sign.%20Here's%20my%20idea%3A%20,Start your design,"[""noopener"", ""noreferrer""]",raw,False,,,False,False
https://www.theglownique.com/custom-signage/gaming-neon-signs,https://www.theglownique.com/,THE GLOWNIQUE,[],raw,True,200,,False,True
https://www.theglownique.com/custom-signage/gaming-neon-signs,https://wa.me/12897963492?text=Hi%20The%20Glownique!%20I'd%20like%20a%20free%20quote%20and%20mockup%20for%20a%20custom%20sign.%20Here's%20my%20idea%3A%20,WhatsApp: +1 (289) 796-3492,"[""noopener"", ""noreferrer""]",raw,False,,,False,False
https://www.theglownique.com/custom-signage/gaming-neon-signs,https://www.instagram.com/theglownique/,,"[""noopener""]",raw,False,,,False,False
https://www.theglownique.com/custom-signage/gaming-neon-signs,https://www.facebook.com/people/TheGlownique/61578567176081/,,"[""noopener""]",raw,False,,,False,False
https://www.theglownique.com/custom-signage/gaming-neon-signs,https://www.etsy.com/listing/1878290703/custom-neon-sign-led-light-for-wedding,,"[""noopener""]",raw,False,,,False,False
https://www.theglownique.com/custom-signage/gaming-neon-signs,https://www.theglownique.com/products/custom-neon-signs,Custom neon signs,[],raw,True,,,False,False
https://www.theglownique.com/custom-signage/gaming-neon-signs,https://www.theglownique.com/products/3d-metal-neon-signs,3D metal signs,[],raw,True,,,False,False
https://www.theglownique.com/custom-signage/gaming-neon-signs,https://www.theglownique.com/products/ultra-thin-lightbox,Ultra thin lightbox,[],raw,True,,,False,False
https://www.theglownique.com/custom-signage/gaming-neon-signs,https://www.theglownique.com/products/uv-print-acrylic-signs,UV-print acrylic,[],raw,True,,,False,False
https://www.theglownique.com/custom-signage/gaming-neon-signs,https://www.theglownique.com/,Create your own,[],raw,True,200,,False,True
https://www.theglownique.com/custom-signage/gaming-neon-signs,https://www.theglownique.com/,How it works,[],raw,True,200,,False,True
https://www.theglownique.com/custom-signage/gaming-neon-signs,https://www.theglownique.com/,Design ideas,[],raw,True,200,,False,True
https://www.theglownique.com/custom-signage/gaming-neon-signs,https://www.theglownique.com/,FAQ,[],raw,True,200,,False,True
https://www.theglownique.com/custom-signage/gaming-neon-signs,https://www.theglownique.com/,About us,[],raw,True,200,,False,True
https://www.theglownique.com/custom-signage/gaming-neon-signs,https://www.theglownique.com/,Case studies,[],raw,True,200,,False,True
https://www.theglownique.com/custom-signage/gaming-neon-signs,https://www.theglownique.com/blog,Journal,[],raw,True,200,,False,True
https://www.theglownique.com/custom-signage/gaming-neon-signs,https://www.theglownique.com/contact,Contact,[],raw,True,,,False,False
https://www.theglownique.com/custom-signage/gaming-neon-signs,https://www.theglownique.com/shipping,Shipping & delivery,[],raw,True,,,False,False
https://www.theglownique.com/custom-signage/gaming-neon-signs,https://www.theglownique.com/returns,Returns & warranty,[],raw,True,,,False,False
https://www.theglownique.com/custom-signage/gaming-neon-signs,https://www.theglownique.com/accessibility,Accessibility,[],raw,True,,,False,False
https://www.theglownique.com/custom-signage/gaming-neon-signs,https://www.theglownique.com/privacy,Privacy,[],raw,True,,,False,False
https://www.theglownique.com/custom-signage/gaming-neon-signs,https://www.theglownique.com/privacy,Privacy,[],raw,True,,,False,False
https://www.theglownique.com/custom-signage/gaming-neon-signs,https://www.theglownique.com/terms,Terms,[],raw,True,,,False,False
https://www.theglownique.com/custom-signage/gaming-neon-signs,https://www.theglownique.com/accessibility,Accessibility,[],raw,True,,,False,False
